达人头像,达人名称,达人账号,达人主页链接,达人视频数,达人直播数,达人粉丝数,粉丝增长数,均播量,达人带货数,近30日销售额,近30日销量,视频GPM,直播GPM,MCN,达人类型
https://microdata-spiders-media.oss-cn-shanghai.aliyuncs.com/image/aa77d9f5-ce0a-4e2d-aa99-98cfc234060e.jpeg,INSE Vacuum Shop,vacuum_shop,https://www.tiktok.com/@vacuum_shop,742,13,12985,385,7162,50,27800,730,21.3,0,,店铺运营
https://microdata-spiders-media.oss-cn-shanghai.aliyuncs.com/image/5911add7-9dca-41f1-90d6-fbc491fb5d05.jpeg,TMA vacuum cleaner,tmavacuumcleaner,https://www.tiktok.com/@tmavacuumcleaner,2,0,11032,-3,213,23,50,5,5,15,,个人运营
https://microdata-spiders-media.oss-cn-shanghai.aliyuncs.com/image/eb36661c-8401-4e1b-b25a-d78cbcf49ac2.jpeg,Vacuum Deal,vacuumdeal,https://www.tiktok.com/@vacuumdeal,7,0,10917,-8,987,54,0,0,0,0,,个人运营
https://microdata-spiders-media.oss-cn-shanghai.aliyuncs.com/image/95c32c7a-cdaa-4782-b97e-8f876a196b66.jpeg,Vacuum cleaner factory store,etobuq1992,https://www.tiktok.com/@etobuq1992,9,0,5009,0,281,2,,,,,,店铺运营
https://microdata-spiders-media.oss-cn-shanghai.aliyuncs.com/image/768cbdc5-b1ab-4a91-b21e-e383bde35f90.jpeg,Mr. Vacuum Store Man,mr..vacuum.store,https://www.tiktok.com/@mr..vacuum.store,6,0,23229,180,39477,14,,,,,,个人运营
https://microdata-spiders-media.oss-cn-shanghai.aliyuncs.com/image/4b153269-1061-41cf-b970-ec4eb2762335.jpeg,Homeika-Dog Grooming Vacuum,homeikaofficialus,https://www.tiktok.com/@homeikaofficialus,212,0,622,14,1319,5,,,,,,店铺运营
https://microdata-spiders-media.oss-cn-shanghai.aliyuncs.com/image/c4589732-27c8-45f8-bd54-6961e72902bf.jpeg,VEAVON Vacuum Cleaner,veavon_us,https://www.tiktok.com/@veavon_us,29,6,23,-1,589,3,,,,,,个人运营
https://microdata-spiders-media.oss-cn-shanghai.aliyuncs.com/image/3a8b19ab-658d-46cd-845a-c3d28e4a7b9d.jpeg,Vacuum Sealed,vacuum_sealed_store,https://www.tiktok.com/@vacuum_sealed_store,86,0,137,1,394,8,,,,,,店铺运营
https://microdata-spiders-media.oss-cn-shanghai.aliyuncs.com/image/d6ea6a2f-6f10-45d7-b922-a7b6623b19ea.jpeg,Dreame Vacuum Official,dreamevacuum,https://www.tiktok.com/@dreamevacuum,20,0,4784,2,473,9,,,,,,个人运营
https://microdata-spiders-media.oss-cn-shanghai.aliyuncs.com/image/40b73d29-10bc-4136-8587-1be3607d734f.jpeg,Vortex Vacuum,thevortexvacuum,https://www.tiktok.com/@thevortexvacuum,20,0,34,0,764,2,,,,,,店铺运营
https://microdata-spiders-media.oss-cn-shanghai.aliyuncs.com/image/8cda0aac-fc36-4773-809b-b04874f99600.jpeg,Cyclone Vacuum,cyclonevacuums,https://www.tiktok.com/@cyclonevacuums,0,0,7,0,0,3,,,,,,个人运营
https://microdata-spiders-media.oss-cn-shanghai.aliyuncs.com/image/3bc119c2-a08d-4a06-b463-1f3c84ac090e.jpeg,Vacuum Innovation,wlupel,https://www.tiktok.com/@wlupel,11,0,67,2,1739,19,,,,,,店铺运营
https://microdata-spiders-media.oss-cn-shanghai.aliyuncs.com/image/20b8cbdb-5e58-4f5b-a318-240a61ce8011.jpeg,maishen Vacuum,pomelo.vonda,https://www.tiktok.com/@pomelo.vonda,1,0,4,0,411,2,,,,,,店铺运营
https://microdata-spiders-media.oss-cn-shanghai.aliyuncs.com/image/33e2b863-f789-4c9c-a717-4511db6d6895.jpeg,SH vacuum cleaner,shvacuumcleaner,https://www.tiktok.com/@shvacuumcleaner,0,0,4439,-6,0,1,,,,,,个人运营
https://microdata-spiders-media.oss-cn-shanghai.aliyuncs.com/image/9cb11b55-23d7-4f52-b15e-a93a5b416916.jpeg,VEAVON Vacuum Cleaner,user9196334376133,https://www.tiktok.com/@user9196334376133,2,0,2,0,404,1,,,,,,店铺运营
https://microdata-spiders-media.oss-cn-shanghai.aliyuncs.com/image/8f145bba-36c9-4afd-b81c-d23f5fc5cba4.jpeg,vacuum cleaner prince,alicecorgi198,https://www.tiktok.com/@alicecorgi198,84,0,32,14,1487,13,,,,,,个人运营
https://microdata-spiders-media.oss-cn-shanghai.aliyuncs.com/image/0327cdb3-f276-4407-9fa1-24f69e43ce26.jpeg,Dreame Robot Vacuum,dreamerobotvacuum,https://www.tiktok.com/@dreamerobotvacuum,27,0,2,0,213,2,,,,,,个人运营