avatarThumbnail,cid,createTime,createTimeISO,diggCount,repliesToId,replyCommentTotal,submittedVideoUrl,text,uid,uniqueId,videoWebUrl
https://p16-sign-va.tiktokcdn.com/tos-maliva-avt-0068/dfe6e9fa1c02e9738b6f302971cd35f5~tplv-tiktokx-cropcenter:100:100.jpg?dr=10399&nonce=68623&refresh_token=ac389bc7e855e97b0c66af60ead6d446&x-expires=1740495600&x-signature=Sx2BePvf%2BAVHsDG0o6Zt0QRnwNE%3D&idc=no1a&ps=13740610&shcp=ff37627b&shp=30310797&t=4d5b0474,7457158986094887722,1736255160,2025-01-07T13:06:00.000Z,2,,1,https://www.tiktok.com/@nataliia.sahm/video/7439424495473085742,What about pet accidents,7131894897692329006,honey.bunnykd,https://www.tiktok.com/@nataliia.sahm/video/7439424495473085742
https://p16-sign-va.tiktokcdn.com/tos-maliva-avt-0068/55757cbaf6b3c8edb8614658c3dfac41~tplv-tiktokx-cropcenter:100:100.jpg?dr=10399&nonce=57821&refresh_token=65ab0f9cdf0bd041fe4c67b701b76e3e&x-expires=1740495600&x-signature=GYiSOwv%2BCOQAMfcYOEtF%2B2YJgsY%3D&idc=no1a&ps=13740610&shcp=ff37627b&shp=30310797&t=4d5b0474,7452078362790707999,1735072208,2024-12-24T20:30:08.000Z,2,,1,https://www.tiktok.com/@nataliia.sahm/video/7439424495473085742,The s1 pro by eufy is where it’s at,6727444943298577414,bsakelley,https://www.tiktok.com/@nataliia.sahm/video/7439424495473085742
https://p16-sign-va.tiktokcdn.com/tos-maliva-avt-0068/567ae78a6cb928fe1672e90022121577~tplv-tiktokx-cropcenter:100:100.jpg?dr=10399&nonce=22701&refresh_token=807b46b06d6dd5a55c46cd04b2433088&x-expires=1740495600&x-signature=ojKUuWufAVcrnFRG7it47CWptAI%3D&idc=no1a&ps=13740610&shcp=ff37627b&shp=30310797&t=4d5b0474,7452904299174642463,1735264518,2024-12-27T01:55:18.000Z,3,,1,https://www.tiktok.com/@nataliia.sahm/video/7439424495473085742,When it mops is it just water only or can you add pinesol/or fabuloso?,6899609616742204422,favtexas,https://www.tiktok.com/@nataliia.sahm/video/7439424495473085742
https://p16-sign-va.tiktokcdn.com/tos-maliva-avt-0068/6f8faa8fb23638c8f1a254b6ba9d630e~tplv-tiktokx-cropcenter:100:100.jpg?dr=10399&nonce=19364&refresh_token=763b44693c5f1c7bda44d9479df9a3bd&x-expires=1740495600&x-signature=ceQLQ8S44th9yuDwuWdId83wk5o%3D&idc=no1a&ps=13740610&shcp=ff37627b&shp=30310797&t=4d5b0474,7452503978190979886,1735171310,2024-12-26T00:01:50.000Z,6,,2,https://www.tiktok.com/@nataliia.sahm/video/7439424495473085742,If they made it square with brushes on the sides it could also do baseboards.,6844501213116351493,solb70,https://www.tiktok.com/@nataliia.sahm/video/7439424495473085742
https://p16-sign-va.tiktokcdn.com/tos-maliva-avt-0068/07b13b958a3bf9f3fbfadb6110ce5560~tplv-tiktokx-cropcenter:100:100.jpg?dr=10399&nonce=53794&refresh_token=e417c62aab19bbe20e15df42e7987611&x-expires=1740495600&x-signature=PNXQPRNVOpr2KxIG7hOdsP4loOo%3D&idc=no1a&ps=13740610&shcp=ff37627b&shp=30310797&t=4d5b0474,7455423426221867806,1735851053,2025-01-02T20:50:53.000Z,6,,3,https://www.tiktok.com/@nataliia.sahm/video/7439424495473085742,I just got this 4 days ago and I'm obsessed. I had the eufy x8 and this is so much better. I have 2 dogs and a toddler and my floors have never been so clean!,6855535870457103366,layla_likethesong,https://www.tiktok.com/@nataliia.sahm/video/7439424495473085742
https://p16-sign-va.tiktokcdn.com/tos-maliva-avt-0068/4939675e1e15e05ab69c15c509d4eabe~tplv-tiktokx-cropcenter:100:100.jpg?dr=10399&nonce=55729&refresh_token=45a1dd8861731a8d198d2ae8136af12e&x-expires=1740495600&x-signature=Oc8pfTP4PPElYxghjZHqPjqCJrE%3D&idc=no1a&ps=13740610&shcp=ff37627b&shp=30310797&t=4d5b0474,7465853891738616619,1738279599,2025-01-30T23:26:39.000Z,3,,1,https://www.tiktok.com/@nataliia.sahm/video/7439424495473085742,Will last a year and have all kind of issues when it’s out of warranty. I have owned 2 different ones and same thing every time. I still love eufy products though,6812346517270234118,julian34901,https://www.tiktok.com/@nataliia.sahm/video/7439424495473085742
https://p16-sign-va.tiktokcdn.com/tos-maliva-avt-0068/7988567aacaa4d22f093d930a2e9f703~tplv-tiktokx-cropcenter:100:100.jpg?dr=10399&nonce=16085&refresh_token=381bd27c813e987950702bf605855d7b&x-expires=1740495600&x-signature=CVFlJjOklocTC6jTgBirm5mDrfI%3D&idc=no1a&ps=13740610&shcp=ff37627b&shp=30310797&t=4d5b0474,7443163403466785582,1732996544,2024-11-30T19:55:44.000Z,51,,0,https://www.tiktok.com/@nataliia.sahm/video/7439424495473085742,you didn't take out the foam in the bumper btw,7220664830176576554,mr_l984,https://www.tiktok.com/@nataliia.sahm/video/7439424495473085742
https://p16-sign-va.tiktokcdn.com/tos-maliva-avt-0068/5a0f3f36299b29186bec118c32ebdcc9~tplv-tiktokx-cropcenter:100:100.jpg?dr=10399&nonce=43003&refresh_token=825e4238654f6d5df66bb4395e67246e&x-expires=1740495600&x-signature=CWSMRmu%2FWakldMfDfHs4KKKYdYc%3D&idc=no1a&ps=13740610&shcp=ff37627b&shp=30310797&t=4d5b0474,7467962489324536622,1738770569,2025-02-05T15:49:29.000Z,1,,0,https://www.tiktok.com/@nataliia.sahm/video/7439424495473085742,Ese piso es madera?,6870933605586600966,liudyscruz4,https://www.tiktok.com/@nataliia.sahm/video/7439424495473085742
https://p16-sign-va.tiktokcdn.com/tos-maliva-avt-0068/62b433c9989bc181d2b399dbb650fbdc~tplv-tiktokx-cropcenter:100:100.jpg?dr=10399&nonce=85370&refresh_token=1fdca19683d0c9b67b3cd323794de0e3&x-expires=1740495600&x-signature=NdOqDlH0wl1lD%2BsIOILwy8wIwNE%3D&idc=no1a&ps=13740610&shcp=ff37627b&shp=30310797&t=4d5b0474,7455755685219009312,1735928414,2025-01-03T18:20:14.000Z,0,,0,https://www.tiktok.com/@nataliia.sahm/video/7439424495473085742,Does the c20 have obstacle avoidance?,71074601530740736,willowdemetriou,https://www.tiktok.com/@nataliia.sahm/video/7439424495473085742
https://p16-sign-va.tiktokcdn.com/tos-maliva-avt-0068/011808992f1d60816ad720f9a7ee709a~tplv-tiktokx-cropcenter:100:100.jpg?dr=10399&nonce=70721&refresh_token=d231e65d77c146900b9e32a4bea0c8ba&x-expires=1740495600&x-signature=dStr2yqCNTiX7MOBwi%2BleEm0zc8%3D&idc=no1a&ps=13740610&shcp=ff37627b&shp=30310797&t=4d5b0474,7455429947173520159,1735852570,2025-01-02T21:16:10.000Z,1,,0,https://www.tiktok.com/@nataliia.sahm/video/7439424495473085742,Why did you leave the foam on the sides..?,144552842912186368,kyouichiii,https://www.tiktok.com/@nataliia.sahm/video/7439424495473085742
https://p16-sign-va.tiktokcdn.com/tos-maliva-avt-0068/df632f8adb52e3eada1e2327172aa3f7~tplv-tiktokx-cropcenter:100:100.jpg?dr=10399&nonce=12286&refresh_token=a1bfb5dc6bba149f82eaac423694ca46&x-expires=1740495600&x-signature=OK4p%2B2NVF11h%2F3BjZDy%2BqTcebF0%3D&idc=no1a&ps=13740610&shcp=ff37627b&shp=30310797&t=4d5b0474,7466240110555202350,1738369526,2025-02-01T00:25:26.000Z,1,,0,https://www.tiktok.com/@nataliia.sahm/video/7439424495473085742,WOW! That works so well,6751573034535011333,morganar01,https://www.tiktok.com/@nataliia.sahm/video/7439424495473085742
https://p16-sign-va.tiktokcdn.com/tos-maliva-avt-0068/d80c566ce5c99ed4a1473c13bf4bd00d~tplv-tiktokx-cropcenter:100:100.jpg?dr=10399&nonce=33236&refresh_token=983b2fa74ca3f403f2cb7c95460ff84a&x-expires=1740495600&x-signature=GEZFSPJMycAGM4sl1kI%2FS1IHKHg%3D&idc=no1a&ps=13740610&shcp=ff37627b&shp=30310797&t=4d5b0474,7468696313930007327,1738941438,2025-02-07T15:17:18.000Z,1,,0,https://www.tiktok.com/@nataliia.sahm/video/7439424495473085742,Yesss!,6842001007494710277,toybeck,https://www.tiktok.com/@nataliia.sahm/video/7439424495473085742
https://p16-sign-va.tiktokcdn.com/tos-maliva-avt-0068/7334307160619155462~tplv-tiktokx-cropcenter:100:100.jpg?dr=10399&nonce=62262&refresh_token=838da1b63e833d8ee54575bad10b50e0&x-expires=1740495600&x-signature=SmkElDda9c6Mhxy61yuk7R12vto%3D&idc=no1a&ps=13740610&shcp=ff37627b&shp=30310797&t=4d5b0474,7449490593820476203,1734469710,2024-12-17T21:08:30.000Z,1,,0,https://www.tiktok.com/@nataliia.sahm/video/7439424495473085742,"Love ours! Mops the floor, WiFi starting w room mapping… puts the Samsung we had to shame.",6828346004913193990,dontworrykeepgoing,https://www.tiktok.com/@nataliia.sahm/video/7439424495473085742
https://p16-sign-va.tiktokcdn.com/tos-maliva-avt-0068/7a7b3c2fe82ce163de3a8f8a91acec4c~tplv-tiktokx-cropcenter:100:100.jpg?dr=10399&nonce=48319&refresh_token=90a8ec4e8c9ec50ff2fb8cc4a596451c&x-expires=1740495600&x-signature=BsSygmFgnBRmpx%2F0n8xkF3B3wi8%3D&idc=no1a&ps=13740610&shcp=ff37627b&shp=30310797&t=4d5b0474,7453080778559488811,1735305642,2024-12-27T13:20:42.000Z,1,,0,https://www.tiktok.com/@nataliia.sahm/video/7439424495473085742,"I love how sleek it looks, too",6779736886967534597,b_saylor,https://www.tiktok.com/@nataliia.sahm/video/7439424495473085742
https://p16-sign-va.tiktokcdn.com/tos-maliva-avt-0068/7345161204362870826~tplv-tiktokx-cropcenter:100:100.jpg?dr=10399&nonce=26471&refresh_token=3c8de0d667443fb77416f05aea3283a7&x-expires=1740495600&x-signature=SMP1ucx8NqbS91ftYcI%2F1UrFaDg%3D&idc=no1a&ps=13740610&shcp=ff37627b&shp=30310797&t=4d5b0474,7446502088168735534,1733773889,2024-12-09T19:51:29.000Z,1,,0,https://www.tiktok.com/@nataliia.sahm/video/7439424495473085742,Are you still loving it?,6821673361791632389,destanee.brown,https://www.tiktok.com/@nataliia.sahm/video/7439424495473085742
https://p16-sign-va.tiktokcdn.com/musically-maliva-obj/1594805258216454~tplv-tiktokx-cropcenter:100:100.jpg?dr=10399&nonce=66908&refresh_token=b04e821dd837ed1f13684aec6a07f2c0&x-expires=1740495600&x-signature=w4%2B31RZ0ehf%2FY6wn%2FneLdVcAU4E%3D&idc=no1a&ps=13740610&shcp=ff37627b&shp=30310797&t=4d5b0474,7453257153995539230,1735346668,2024-12-28T00:44:28.000Z,1,,0,https://www.tiktok.com/@nataliia.sahm/video/7439424495473085742,On vinyl floor??????,6861652449809613830,roseypoison,https://www.tiktok.com/@nataliia.sahm/video/7439424495473085742
https://p16-sign-va.tiktokcdn.com/tos-maliva-avt-0068/fe6ba8d0987f6cf776c2ea01e2ec7007~tplv-tiktokx-cropcenter:100:100.jpg?dr=10399&nonce=15372&refresh_token=d2000952b1ea1b3b1c6693498183eb8b&x-expires=1740495600&x-signature=cVkLw1DelcU7%2BAcM%2Bwq3xLcq1EQ%3D&idc=no1a&ps=13740610&shcp=ff37627b&shp=30310797&t=4d5b0474,7445493162524246830,1733538980,2024-12-07T02:36:20.000Z,1,,0,https://www.tiktok.com/@nataliia.sahm/video/7439424495473085742,Do they do collabs with people or did you purchase this?,6766635284034700293,rachelloganjackso,https://www.tiktok.com/@nataliia.sahm/video/7439424495473085742
https://p16-sign-va.tiktokcdn.com/musically-maliva-obj/1594805258216454~tplv-tiktokx-cropcenter:100:100.jpg?dr=10399&nonce=61309&refresh_token=a5df5ed310d699187d752246dfc29323&x-expires=1740495600&x-signature=w4%2B31RZ0ehf%2FY6wn%2FneLdVcAU4E%3D&idc=no1a&ps=13740610&shcp=ff37627b&shp=30310797&t=4d5b0474,7439432291888087838,1732127825,2024-11-20T18:37:05.000Z,1,,0,https://www.tiktok.com/@nataliia.sahm/video/7439424495473085742,Great!,7376074947368551466,mom_to_be5,https://www.tiktok.com/@nataliia.sahm/video/7439424495473085742
https://p16-sign-va.tiktokcdn.com/tos-maliva-avt-0068/1cd37af4c7d9eca2d862b7f978cbefea~tplv-tiktokx-cropcenter:100:100.jpg?dr=10399&nonce=14265&refresh_token=e04b03e259a90b96f9d8077b99b65b26&x-expires=1740495600&x-signature=4EPfwB4z4bEkvqHTfwLQ3GlNz44%3D&idc=no1a&ps=13740610&shcp=ff37627b&shp=30310797&t=4d5b0474,7447266228505707306,1733951816,2024-12-11T21:16:56.000Z,1,,0,https://www.tiktok.com/@nataliia.sahm/video/7439424495473085742,,7389400180054098987,akisaxtea25,https://www.tiktok.com/@nataliia.sahm/video/7439424495473085742
https://p16-sign-va.tiktokcdn.com/tos-maliva-avt-0068/c9ddacca898c19dba9a70e44e9aa0160~tplv-tiktokx-cropcenter:100:100.jpg?dr=10399&nonce=87994&refresh_token=0ce4ac7061b0d6ee1bdc8e03a3bf8568&x-expires=1740495600&x-signature=RPbtzpmF5T2J8uNET1XOKH83C7w%3D&idc=no1a&ps=13740610&shcp=ff37627b&shp=30310797&t=4d5b0474,7445310649525846830,1733496500,2024-12-06T14:48:20.000Z,1,,0,https://www.tiktok.com/@nataliia.sahm/video/7439424495473085742,,7396498287815263274,blas.ponce3,https://www.tiktok.com/@nataliia.sahm/video/7439424495473085742
https://p16-sign-va.tiktokcdn.com/tos-maliva-avt-0068/816657d760cbadeb3a3fced005fd09b0~tplv-tiktokx-cropcenter:100:100.jpg?dr=10399&nonce=31071&refresh_token=afb9e5cd9e28c61face713019ebdc911&x-expires=1740495600&x-signature=lwp1k0npZbv1MEc4HnsdEAo%2BG9A%3D&idc=no1a&ps=13740610&shcp=ff37627b&shp=30310797&t=4d5b0474,7439427968441107230,1732126815,2024-11-20T18:20:15.000Z,1,,0,https://www.tiktok.com/@nataliia.sahm/video/7439424495473085742,,7358965084515255338,evgenii.dad,https://www.tiktok.com/@nataliia.sahm/video/7439424495473085742
https://p16-sign-sg.tiktokcdn.com/tos-alisg-avt-0068/af56800ccf2acdf7c850c195b1aa303f~tplv-tiktokx-cropcenter:100:100.jpg?dr=10399&nonce=82483&refresh_token=e5e86320212b4dcc0fdca6a7e9001806&x-expires=1740495600&x-signature=w58IQUFOE%2BQGgxuFVZOJANi1sj4%3D&idc=no1a&ps=13740610&shcp=ff37627b&shp=30310797&t=4d5b0474,7460043225824658194,1736926697,2025-01-15T07:38:17.000Z,1,,0,https://www.tiktok.com/@nataliia.sahm/video/7439424495473085742,,7010018633876374555,angge2997,https://www.tiktok.com/@nataliia.sahm/video/7439424495473085742
https://p16-sign-sg.tiktokcdn.com/tos-alisg-avt-0068/af56800ccf2acdf7c850c195b1aa303f~tplv-tiktokx-cropcenter:100:100.jpg?dr=10399&nonce=82483&refresh_token=e5e86320212b4dcc0fdca6a7e9001806&x-expires=1740495600&x-signature=w58IQUFOE%2BQGgxuFVZOJANi1sj4%3D&idc=no1a&ps=13740610&shcp=ff37627b&shp=30310797&t=4d5b0474,7460043420808086280,1736926731,2025-01-15T07:38:51.000Z,1,,0,https://www.tiktok.com/@nataliia.sahm/video/7439424495473085742,,7010018633876374555,angge2997,https://www.tiktok.com/@nataliia.sahm/video/7439424495473085742
https://p16-sign-va.tiktokcdn.com/musically-maliva-obj/1594805258216454~tplv-tiktokx-cropcenter:100:100.jpg?dr=10399&nonce=15219&refresh_token=553f6623e5d879a55899c97953bf199f&x-expires=1740495600&x-signature=w4%2B31RZ0ehf%2FY6wn%2FneLdVcAU4E%3D&idc=no1a&ps=13740610&shcp=ff37627b&shp=30310797&t=4d5b0474,7459875568839049990,1736887653,2025-01-14T20:47:33.000Z,1,,0,https://www.tiktok.com/@nataliia.sahm/video/7439424495473085742,,7056445194694099973,user4993497509140,https://www.tiktok.com/@nataliia.sahm/video/7439424495473085742
https://p16-sign-va.tiktokcdn.com/tos-maliva-avt-0068/7321868128248397867~tplv-tiktokx-cropcenter:100:100.jpg?dr=10399&nonce=78546&refresh_token=d5fdbff6667305f2dd21eb131250367a&x-expires=1740495600&x-signature=B8mJfH0Bcjgch3rmPgcuOt5aR%2FU%3D&idc=no1a&ps=13740610&shcp=ff37627b&shp=30310797&t=4d5b0474,7473425792367510318,1740042611,2025-02-20T09:10:11.000Z,0,,0,https://www.tiktok.com/@nataliia.sahm/video/7439424495473085742,♥️♥️♥️,6570445952082001926,missxsenpai,https://www.tiktok.com/@nataliia.sahm/video/7439424495473085742
https://p16-sign-va.tiktokcdn.com/tos-maliva-avt-0068/c57a53fe1f05bcf54f381a6f210a2d53~tplv-tiktokx-cropcenter:100:100.jpg?dr=10399&nonce=92502&refresh_token=049e42db923c22c59682ae15c2a54bc1&x-expires=1740495600&x-signature=pjFR%2BmPTp%2B2MF%2B8B%2BrZkzGZFDn0%3D&idc=no1a&ps=13740610&shcp=ff37627b&shp=30310797&t=4d5b0474,7451741525866545963,1734993792,2024-12-23T22:43:12.000Z,3,,0,https://www.tiktok.com/@nataliia.sahm/video/7439424495473085742,Definitely not enough to learn on how it mops an entire room in the commercial. I will pass on taking a chance on $400 machine.,7206710194913854506,lgarza25,https://www.tiktok.com/@nataliia.sahm/video/7439424495473085742
https://p16-sign-sg.tiktokcdn.com/tos-alisg-avt-0068/1c82364721ee0fdd0edc62a730ab29be~tplv-tiktokx-cropcenter:100:100.jpg?dr=10399&nonce=33360&refresh_token=a4aac672b59cd02fb854dcc738f11bdd&x-expires=1740495600&x-signature=eZbLdRijQDWLN3pE%2B4PvLAlZPWo%3D&idc=no1a&ps=13740610&shcp=ff37627b&shp=30310797&t=4d5b0474,7448974096458826526,1734349455,2024-12-16T11:44:15.000Z,1,,2,https://www.tiktok.com/@nataliia.sahm/video/7439424495473085742,Only a few days left ⏰ Get $200 off and have it in time for Christmas . Don’t miss the Final Sale on TikTok Shop now  ️,6893810131097404417,eufyhome,https://www.tiktok.com/@nataliia.sahm/video/7439424495473085742
https://p16-sign-va.tiktokcdn.com/tos-maliva-avt-0068/8fb8404cf1a92e8d5d3213eb20827688~tplv-tiktokx-cropcenter:100:100.jpg?dr=10399&nonce=5568&refresh_token=b05a48428338ce1b31b4d667d8265eef&x-expires=1740495600&x-signature=8AMWFpGUYKQRdpyZWERrVLp46y8%3D&idc=no1a&ps=13740610&shcp=ff37627b&shp=30310797&t=4d5b0474,7447126967810753322,1733919421,2024-12-11T12:17:01.000Z,2,,0,https://www.tiktok.com/@nataliia.sahm/video/7439424495473085742,Or you can actually mop?,6869575091921323013,boomitsbenji,https://www.tiktok.com/@nataliia.sahm/video/7439424495473085742
https://p16-sign-va.tiktokcdn.com/tos-maliva-avt-0068/7352159589036458026~tplv-tiktokx-cropcenter:100:100.jpg?dr=10399&nonce=39942&refresh_token=9785f96150cdc166720e5dc08bec096a&x-expires=1740495600&x-signature=CTcTkXYX787zieSBFl83I0ZonIw%3D&idc=no1a&ps=13740610&shcp=ff37627b&shp=30310797&t=4d5b0474,7455421216549061419,1735850536,2025-01-02T20:42:16.000Z,1,,0,https://www.tiktok.com/@nataliia.sahm/video/7439424495473085742,Moving in and there is mysterious white liquid all over the floor? Great,6802634667742774277,logangroves423,https://www.tiktok.com/@nataliia.sahm/video/7439424495473085742
https://p16-sign-va.tiktokcdn.com/tos-maliva-avt-0068/02abd2df97e895cc7bd38cbaac375e3b~tplv-tiktokx-cropcenter:100:100.jpg?dr=10399&nonce=64547&refresh_token=56f1abee5871347ceb5a6a74d4fc0d2a&x-expires=1740495600&x-signature=WjAmwJHmLH%2BnzJImamYZlEJ5MsQ%3D&idc=no1a&ps=13740610&shcp=ff37627b&shp=30310797&t=4d5b0474,7455394845521511198,1735844404,2025-01-02T19:00:04.000Z,1,,0,https://www.tiktok.com/@nataliia.sahm/video/7439424495473085742,price just keeps getting higher,6947322639430484998,yaqui_girl,https://www.tiktok.com/@nataliia.sahm/video/7439424495473085742
https://p16-pu-sign-useast8.tiktokcdn-us.com/tos-useast5-avt-0068-tx/c296406b00c2162d54bf30f030187324~tplv-tiktokx-cropcenter:100:100.jpg?dr=9640&nonce=95211&refresh_token=526a32e1946894ad83458b296eada8ab&x-expires=1740495600&x-signature=6RffCmOJOYxE93Am0HnWPc6EDDw%3D&idc=useast5&ps=13740610&shcp=ff37627b&shp=30310797&t=4d5b0474,7446904106344629038,1733867490,2024-12-10T21:51:30.000Z,1,,0,https://www.tiktok.com/@nataliia.sahm/video/7439424495473085742,they come out with this right after I got the iRobot one,6691499905335460870,monkey8729,https://www.tiktok.com/@nataliia.sahm/video/7439424495473085742
https://p19-pu-sign-useast8.tiktokcdn-us.com/tos-useast5-avt-0068-tx/7350908731162361899~tplv-tiktokx-cropcenter:100:100.jpg?dr=9640&nonce=52838&refresh_token=530bb4aae3df999d087beaf67375d058&x-expires=1740495600&x-signature=4LpKFV0ieCtTtfbSeW3p01pLE3Y%3D&idc=useast5&ps=13740610&shcp=ff37627b&shp=30310797&t=4d5b0474,7455696415101797166,1735914632,2025-01-03T14:30:32.000Z,1,,0,https://www.tiktok.com/@nataliia.sahm/video/7439424495473085742,You move a lot?,6822047711928714246,mkay4589023,https://www.tiktok.com/@nataliia.sahm/video/7439424495473085742
https://p19-pu-sign-useast8.tiktokcdn-us.com/tos-useast8-avt-0068-tx2/6a8329280b5c989059cb1c2e7c933c08~tplv-tiktokx-cropcenter:100:100.jpg?dr=9640&nonce=41768&refresh_token=7bf558acd3b70794d9c682b3d81dced4&x-expires=1740495600&x-signature=oOjH0taJZKRN650%2FhpzJyK7UeXo%3D&idc=useast5&ps=13740610&shcp=ff37627b&shp=30310797&t=4d5b0474,7473709985283343150,1740108727,2025-02-21T03:32:07.000Z,1,,1,https://www.tiktok.com/@marcc_16/video/7435002874784140590,I can't get mine to wash,6935475400910849030,annette_0814,https://www.tiktok.com/@marcc_16/video/7435002874784140590
https://p16-common-sign-va.tiktokcdn-us.com/tos-maliva-avt-0068/944399a96322d0b76704d6d587af072c~tplv-tiktokx-cropcenter:100:100.jpg?dr=9640&nonce=36644&refresh_token=7ab2d5d8c43d7f67120c62edc002a630&x-expires=1740495600&x-signature=THK1kDrTpkL%2FVR8Ye%2BNbCcMCeEc%3D&idc=useast5&ps=13740610&shcp=ff37627b&shp=30310797&t=4d5b0474,7473735305545089822,1740114639,2025-02-21T05:10:39.000Z,0,7473709985283343150,,https://www.tiktok.com/@marcc_16/video/7435002874784140590,Oh no shoot me a message I can help you!,1446566,marcc_16,https://www.tiktok.com/@marcc_16/video/7435002874784140590
https://p19-pu-sign-useast8.tiktokcdn-us.com/tos-useast5-avt-0068-tx/a230caad1cd1994265920e25ca03e99c~tplv-tiktokx-cropcenter:100:100.jpg?dr=9640&nonce=35368&refresh_token=dacc6e04c88cf23dea2cc5b0566cbec8&x-expires=1740495600&x-signature=GE2Olu11fRdW%2BdaHJKDVjU52JmU%3D&idc=useast5&ps=13740610&shcp=ff37627b&shp=30310797&t=4d5b0474,7472026015062278958,1739716651,2025-02-16T14:37:31.000Z,0,,0,https://www.tiktok.com/@marcc_16/video/7435002874784140590,I have mine doing its maiden voyage now. I will let you know. I do caution you to ensure there are no cords/wires on the floor. It has snagged mine and I had to release it.,6909213642001466374,timboukou,https://www.tiktok.com/@marcc_16/video/7435002874784140590
https://p16-pu-sign-useast8.tiktokcdn-us.com/tos-useast5-avt-0068-tx/7354653046233628714~tplv-tiktokx-cropcenter:100:100.jpg?dr=9640&nonce=52159&refresh_token=5d36d74e52133588ebe1e21b32f57560&x-expires=1740495600&x-signature=t1U0aIinpzILq%2FujDxrPPYUrySA%3D&idc=useast5&ps=13740610&shcp=ff37627b&shp=30310797&t=4d5b0474,7443102347369333546,1732982330,2024-11-30T15:58:50.000Z,1,,1,https://www.tiktok.com/@marcc_16/video/7435002874784140590,will it work on area rugs,7000077540996056070,mikeheflin573,https://www.tiktok.com/@marcc_16/video/7435002874784140590
https://p16-common-sign-va.tiktokcdn-us.com/tos-maliva-avt-0068/944399a96322d0b76704d6d587af072c~tplv-tiktokx-cropcenter:100:100.jpg?dr=9640&nonce=36644&refresh_token=7ab2d5d8c43d7f67120c62edc002a630&x-expires=1740495600&x-signature=THK1kDrTpkL%2FVR8Ye%2BNbCcMCeEc%3D&idc=useast5&ps=13740610&shcp=ff37627b&shp=30310797&t=4d5b0474,7445243482983990047,1733480885,2024-12-06T10:28:05.000Z,1,7443102347369333546,,https://www.tiktok.com/@marcc_16/video/7435002874784140590,Yes it will!,1446566,marcc_16,https://www.tiktok.com/@marcc_16/video/7435002874784140590
https://p16-common-sign-va.tiktokcdn-us.com/tos-maliva-avt-0068/7329377223029293061~tplv-tiktokx-cropcenter:100:100.jpg?dr=9640&nonce=93199&refresh_token=958462e06d407617005bc5f5afc469a5&x-expires=1740495600&x-signature=cTKNHxQGWP%2BqHH08vOXq3dEowX4%3D&idc=useast5&ps=13740610&shcp=ff37627b&shp=30310797&t=4d5b0474,7435289695318197034,1731163308,2024-11-09T14:41:48.000Z,1,,0,https://www.tiktok.com/@marcc_16/video/7435002874784140590,i love mine,6556667791616786434,sunsetnailbar,https://www.tiktok.com/@marcc_16/video/7435002874784140590
https://p16-pu-sign-useast8.tiktokcdn-us.com/tos-useast5-avt-0068-tx/216294173f365db85960741211877d88~tplv-tiktokx-cropcenter:100:100.jpg?dr=9640&nonce=61010&refresh_token=58da0c9a88c38e429e21948980566544&x-expires=1740495600&x-signature=5BQU9NbF1CmVPuyjsHLtE14A434%3D&idc=useast5&ps=13740610&shcp=ff37627b&shp=30310797&t=4d5b0474,7435004692558775083,1731096951,2024-11-08T20:15:51.000Z,1,,1,https://www.tiktok.com/@marcc_16/video/7435002874784140590,Can we get a home tour!?,6808676903680181254,kimberlysvc,https://www.tiktok.com/@marcc_16/video/7435002874784140590
https://p16-common-sign-va.tiktokcdn-us.com/tos-maliva-avt-0068/944399a96322d0b76704d6d587af072c~tplv-tiktokx-cropcenter:100:100.jpg?dr=9640&nonce=36644&refresh_token=7ab2d5d8c43d7f67120c62edc002a630&x-expires=1740495600&x-signature=THK1kDrTpkL%2FVR8Ye%2BNbCcMCeEc%3D&idc=useast5&ps=13740610&shcp=ff37627b&shp=30310797&t=4d5b0474,7435164353228686111,1731134130,2024-11-09T06:35:30.000Z,1,7435004692558775083,,https://www.tiktok.com/@marcc_16/video/7435002874784140590,Yess sooon,1446566,marcc_16,https://www.tiktok.com/@marcc_16/video/7435002874784140590
https://p16-pu-sign-useast8.tiktokcdn-us.com/tos-useast5-avt-0068-tx/8f3af438e0ee5fdec8b594c7a34660a4~tplv-tiktokx-cropcenter:100:100.jpg?dr=9640&nonce=21994&refresh_token=5861066edda3a2e2fa2d2e9d223b2ef2&x-expires=1740495600&x-signature=%2BhVg95dDB7a93ivMN8OOhyqyRwA%3D&idc=useast5&ps=13740610&shcp=ff37627b&shp=30310797&t=4d5b0474,7435371857618076459,1731182431,2024-11-09T20:00:31.000Z,1,,0,https://www.tiktok.com/@marcc_16/video/7435002874784140590,@Jaime.Nat buy me one,6771578012859237381,ayeitzsteph_,https://www.tiktok.com/@marcc_16/video/7435002874784140590
https://p16-common-sign-va.tiktokcdn-us.com/musically-maliva-obj/1594805258216454~tplv-tiktokx-cropcenter:100:100.jpg?dr=9640&nonce=56463&refresh_token=1a83dae0689552b9216e26e6dea9264d&x-expires=1740495600&x-signature=tRvneJrIEY3O7%2BG86dpM24J0Q2I%3D&idc=useast5&ps=13740610&shcp=ff37627b&shp=30310797&t=4d5b0474,7459135466170188576,1736715333,2025-01-12T20:55:33.000Z,0,,0,https://www.tiktok.com/@marcc_16/video/7435002874784140590,,7209964474408305670,user4125175532039,https://www.tiktok.com/@marcc_16/video/7435002874784140590
https://p19-common-sign-sg.tiktokcdn-us.com/tos-alisg-avt-0068/1c82364721ee0fdd0edc62a730ab29be~tplv-tiktokx-cropcenter:100:100.jpg?dr=9640&nonce=17051&refresh_token=bf74fe78e745cc8da9e43da19b1d4c42&x-expires=1740495600&x-signature=kQyXRJGOv3EZGS6hCrFGDpXfqAw%3D&idc=useast5&ps=13740610&shcp=ff37627b&shp=30310797&t=4d5b0474,7449582484504232735,1734491100,2024-12-18T03:05:00.000Z,0,,1,https://www.tiktok.com/@marcc_16/video/7435002874784140590,Get $200 off now and receive your order before Christmas!  Don't miss out on TikTok Shop  ️,6893810131097404417,eufyhome,https://www.tiktok.com/@marcc_16/video/7435002874784140590
https://p16-sign-va.tiktokcdn.com/tos-maliva-avt-0068/7349611643993030698~tplv-tiktokx-cropcenter:100:100.jpg?dr=14579&nonce=31368&refresh_token=aaef41f6914c12e12db09c385284a06f&x-expires=1740495600&x-signature=ykrD8ZyhCxk13uLdgEwqeIjGVdU%3D&idc=maliva&ps=13740610&shcp=ff37627b&shp=30310797&t=4d5b0474,7443056995916448543,1732971790,2024-11-30T13:03:10.000Z,11,,10,https://www.tiktok.com/@prankstarvibes/video/7442878275497528622,and where's the part he comes back on the phone line,6805683128989828102,jasonspencer36,https://www.tiktok.com/@prankstarvibes/video/7442878275497528622
https://p16-sign-va.tiktokcdn.com/tos-maliva-avt-0068/9289203c92f4c2d70aa28ccde3e7aff5~tplv-tiktokx-cropcenter:100:100.jpg?dr=14579&nonce=54455&refresh_token=3d200ec5ac7bc96a32c39750d2a5324b&x-expires=1740495600&x-signature=XsZoilWsu3%2FQUR0fBpBcc%2FhPvDQ%3D&idc=maliva&ps=13740610&shcp=ff37627b&shp=30310797&t=4d5b0474,7442940619792810794,1732944681,2024-11-30T05:31:21.000Z,28,,1,https://www.tiktok.com/@prankstarvibes/video/7442878275497528622,"I introduced my future wife to my mother on our second date . she said ""really "" I said yeah girl you ain't going nowhere without me and 40 years later she still not going anywhere without me",6796164503551738885,bigtuck205,https://www.tiktok.com/@prankstarvibes/video/7442878275497528622
https://p16-sign-va.tiktokcdn.com/tos-maliva-avt-0068/7354767861836955694~tplv-tiktokx-cropcenter:100:100.jpg?dr=14579&nonce=86303&refresh_token=28ab2c16c2ed70c6f94fe6da62017a74&x-expires=1740495600&x-signature=4EhPOSFztEgKbmxlMEyDzX8Kk9c%3D&idc=maliva&ps=13740610&shcp=ff37627b&shp=30310797&t=4d5b0474,7442904220713698094,1732936207,2024-11-30T03:10:07.000Z,14,,1,https://www.tiktok.com/@prankstarvibes/video/7442878275497528622,wowthat was crazy,7066567921292739631,ericaisales,https://www.tiktok.com/@prankstarvibes/video/7442878275497528622
https://p16-sign-va.tiktokcdn.com/tos-maliva-avt-0068/d69ab6e4c3d48d8dad8344343bcd2b50~tplv-tiktokx-cropcenter:100:100.jpg?dr=14579&nonce=21337&refresh_token=6919ad0a90f0b95432455d60abfa81bd&x-expires=1740495600&x-signature=5C5mQAeVnb0ooEPwXmN59V1NndI%3D&idc=maliva&ps=13740610&shcp=ff37627b&shp=30310797&t=4d5b0474,7443074985001239338,1732975990,2024-11-30T14:13:10.000Z,21,,0,https://www.tiktok.com/@prankstarvibes/video/7442878275497528622,can we get Chris's reaction??,6871631722615538693,deezdayz123,https://www.tiktok.com/@prankstarvibes/video/7442878275497528622
https://p16-sign-va.tiktokcdn.com/tos-maliva-avt-0068/734389c006e2b3f9193f5d09c5296287~tplv-tiktokx-cropcenter:100:100.jpg?dr=14579&nonce=52881&refresh_token=9043356ee2e4d92cb0390cf1493c1248&x-expires=1740495600&x-signature=X1kfrXFop5TA0v55mRS8VHJnysA%3D&idc=maliva&ps=13740610&shcp=ff37627b&shp=30310797&t=4d5b0474,7443268032426296094,1733020896,2024-12-01T02:41:36.000Z,2,,0,https://www.tiktok.com/@prankstarvibes/video/7442878275497528622,part 2 please,6696647197436625925,stormiey_eyes85,https://www.tiktok.com/@prankstarvibes/video/7442878275497528622
https://p16-sign-va.tiktokcdn.com/tos-maliva-avt-0068/7350877341947527211~tplv-tiktokx-cropcenter:100:100.jpg?dr=14579&nonce=24994&refresh_token=b562fbafa82e54d26e7a8e0b3eb3b030&x-expires=1740495600&x-signature=PhM%2BydexqezUUqnnr2mqtsB%2BeuQ%3D&idc=maliva&ps=13740610&shcp=ff37627b&shp=30310797&t=4d5b0474,7443167451410826014,1732997484,2024-11-30T20:11:24.000Z,2,,0,https://www.tiktok.com/@prankstarvibes/video/7442878275497528622,met my ex's aunt and uncle the same way.,6967695009877410821,lbaetsle,https://www.tiktok.com/@prankstarvibes/video/7442878275497528622
https://p16-sign-va.tiktokcdn.com/tos-maliva-avt-0068/30134b78776f69a5d1ac632522c3eb2f~tplv-tiktokx-cropcenter:100:100.jpg?dr=14579&nonce=23164&refresh_token=70658dfff2ff3b0a69eeb9fd8d4873a3&x-expires=1740495600&x-signature=M2%2FGCaBiFM9z0clkF2UyvesdKlU%3D&idc=maliva&ps=13740610&shcp=ff37627b&shp=30310797&t=4d5b0474,7443125885677716254,1732987805,2024-11-30T17:30:05.000Z,2,,0,https://www.tiktok.com/@prankstarvibes/video/7442878275497528622,wow my now husband went to my brother's bday dinner on our SECOND date...,6844231861968946181,stlgirlinkc,https://www.tiktok.com/@prankstarvibes/video/7442878275497528622
https://p16-sign-va.tiktokcdn.com/tos-maliva-avt-0068/3c708108b0929cbeb15ba3bed89fb170~tplv-tiktokx-cropcenter:100:100.jpg?dr=14579&nonce=14880&refresh_token=4a3b3f29cef758f498744d8e582811a1&x-expires=1740495600&x-signature=3UaiEBVTHc%2FacZoXBTEw84kgSrM%3D&idc=maliva&ps=13740610&shcp=ff37627b&shp=30310797&t=4d5b0474,7443111073501594399,1732984368,2024-11-30T16:32:48.000Z,0,,0,https://www.tiktok.com/@prankstarvibes/video/7442878275497528622,so wrong,6794969551554970629,javiermedina236,https://www.tiktok.com/@prankstarvibes/video/7442878275497528622
https://p16-sign-va.tiktokcdn.com/tos-maliva-avt-0068/7326481276674768902~tplv-tiktokx-cropcenter:100:100.jpg?dr=14579&nonce=23165&refresh_token=82256f792cd3386961588aa69f899e23&x-expires=1740495600&x-signature=GPc7Y%2F2nilJP0sIhLv2GxatS%2Fss%3D&idc=maliva&ps=13740610&shcp=ff37627b&shp=30310797&t=4d5b0474,7443306587498185518,1733029894,2024-12-01T05:11:34.000Z,1,,0,https://www.tiktok.com/@prankstarvibes/video/7442878275497528622,,6758974932237173766,quangluong868,https://www.tiktok.com/@prankstarvibes/video/7442878275497528622
https://p16-sign-va.tiktokcdn.com/tos-maliva-avt-0068/7334024132545216517~tplv-tiktokx-cropcenter:100:100.jpg?dr=14579&nonce=27373&refresh_token=1c48d38728f9ce68c64779847ebc454a&x-expires=1740495600&x-signature=3n21t99H9FEYnKeuAt7Gjc4mJNI%3D&idc=maliva&ps=13740610&shcp=ff37627b&shp=30310797&t=4d5b0474,7443298412795609902,1733027990,2024-12-01T04:39:50.000Z,1,,0,https://www.tiktok.com/@prankstarvibes/video/7442878275497528622,,6655559016842985478,tele_tony,https://www.tiktok.com/@prankstarvibes/video/7442878275497528622
https://p16-sign-va.tiktokcdn.com/musically-maliva-obj/1594805258216454~tplv-tiktokx-cropcenter:100:100.jpg?dr=14579&nonce=22779&refresh_token=d5e5e48b86594e1e24967e801e3a0f81&x-expires=1740495600&x-signature=w4%2B31RZ0ehf%2FY6wn%2FneLdVcAU4E%3D&idc=maliva&ps=13740610&shcp=ff37627b&shp=30310797&t=4d5b0474,7452268187691074350,1735116430,2024-12-25T08:47:10.000Z,0,,0,https://www.tiktok.com/@prankstarvibes/video/7442878275497528622,,7388570476702155818,sacredbumi,https://www.tiktok.com/@prankstarvibes/video/7442878275497528622
https://p16-sign-va.tiktokcdn.com/tos-maliva-avt-0068/7322250896847765509~tplv-tiktokx-cropcenter:100:100.jpg?dr=14579&nonce=9466&refresh_token=7e7ea5aa1cde30aca1fdb3bb70a47f36&x-expires=1740495600&x-signature=rQjYXmNptiYtS9QgydqFJFWD26g%3D&idc=maliva&ps=13740610&shcp=ff37627b&shp=30310797&t=4d5b0474,7451605025376486150,1734962019,2024-12-23T13:53:39.000Z,0,,0,https://www.tiktok.com/@prankstarvibes/video/7442878275497528622,,6821896240050635781,shannonfralick,https://www.tiktok.com/@prankstarvibes/video/7442878275497528622
https://p16-sign-va.tiktokcdn.com/tos-maliva-avt-0068/7315115274036838443~tplv-tiktokx-cropcenter:100:100.jpg?dr=14579&nonce=20072&refresh_token=8ba5fbc4d81434145c90ce2756a9883c&x-expires=1740495600&x-signature=%2FME89MKN2tkEZnKEx6%2B1xU2iLO4%3D&idc=maliva&ps=13740610&shcp=ff37627b&shp=30310797&t=4d5b0474,7450908681115550495,1734799874,2024-12-21T16:51:14.000Z,0,,0,https://www.tiktok.com/@prankstarvibes/video/7442878275497528622,,7315114696977302570,garycalderon18,https://www.tiktok.com/@prankstarvibes/video/7442878275497528622
https://p16-sign-va.tiktokcdn.com/musically-maliva-obj/1594805258216454~tplv-tiktokx-cropcenter:100:100.jpg?dr=14579&nonce=41936&refresh_token=350e4f5a172bfe64cede333911ef6f5e&x-expires=1740495600&x-signature=w4%2B31RZ0ehf%2FY6wn%2FneLdVcAU4E%3D&idc=maliva&ps=13740610&shcp=ff37627b&shp=30310797&t=4d5b0474,7447661138999034666,1734043765,2024-12-12T22:49:25.000Z,0,,0,https://www.tiktok.com/@prankstarvibes/video/7442878275497528622,,6853969056719700997,noahwilliams257,https://www.tiktok.com/@prankstarvibes/video/7442878275497528622
https://p16-sign-va.tiktokcdn.com/musically-maliva-obj/1594805258216454~tplv-tiktokx-cropcenter:100:100.jpg?dr=14579&nonce=78639&refresh_token=1255b81781c4c18b69e73928ad45ad0b&x-expires=1740495600&x-signature=w4%2B31RZ0ehf%2FY6wn%2FneLdVcAU4E%3D&idc=maliva&ps=13740610&shcp=ff37627b&shp=30310797&t=4d5b0474,7443598658902278958,1733097898,2024-12-02T00:04:58.000Z,0,,0,https://www.tiktok.com/@prankstarvibes/video/7442878275497528622,,7019873935047771142,jesse_and_hellions,https://www.tiktok.com/@prankstarvibes/video/7442878275497528622
https://p16-sign-va.tiktokcdn.com/tos-maliva-avt-0068/e87c428f4832ea1d6963ac9265bbe2ae~tplv-tiktokx-cropcenter:100:100.jpg?dr=14579&nonce=12281&refresh_token=bc6dcabd3af2d574aba6436b24b9f916&x-expires=1740495600&x-signature=HEgV%2BPOTumFBpjMcn62DeLzcp9Y%3D&idc=maliva&ps=13740610&shcp=ff37627b&shp=30310797&t=4d5b0474,7443443604675117867,1733061808,2024-12-01T14:03:28.000Z,0,,0,https://www.tiktok.com/@prankstarvibes/video/7442878275497528622,,6896340934134809606,amrcnwoman,https://www.tiktok.com/@prankstarvibes/video/7442878275497528622
https://p16-sign-va.tiktokcdn.com/musically-maliva-obj/1594805258216454~tplv-tiktokx-cropcenter:100:100.jpg?dr=14579&nonce=12925&refresh_token=396795da3674a214579729d135dbb5f0&x-expires=1740495600&x-signature=w4%2B31RZ0ehf%2FY6wn%2FneLdVcAU4E%3D&idc=maliva&ps=13740610&shcp=ff37627b&shp=30310797&t=4d5b0474,7443075996516205355,1732976213,2024-11-30T14:16:53.000Z,6,,0,https://www.tiktok.com/@prankstarvibes/video/7442878275497528622,"When my girlfriend did this to me, I got even with her. I married her.",7000338596041475078,maverick01100,https://www.tiktok.com/@prankstarvibes/video/7442878275497528622
https://p16-sign-va.tiktokcdn.com/tos-maliva-avt-0068/2418d642a60fc7c11ea52bc57b17ebc0~tplv-tiktokx-cropcenter:100:100.jpg?dr=14579&nonce=96599&refresh_token=295bf178f2b932f0b6d75e09efafe555&x-expires=1740495600&x-signature=d4bEI3CtvRxPr331%2Bc3Hb82lGrA%3D&idc=maliva&ps=13740610&shcp=ff37627b&shp=30310797&t=4d5b0474,7445785857464025886,1733607121,2024-12-07T21:32:01.000Z,0,,0,https://www.tiktok.com/@prankstarvibes/video/7442878275497528622,I'd been down with it,6984983985870373894,wiccanborn,https://www.tiktok.com/@prankstarvibes/video/7442878275497528622
https://p16-sign-va.tiktokcdn.com/tos-maliva-avt-0068/7352971699261800491~tplv-tiktokx-cropcenter:100:100.jpg?dr=14579&nonce=60808&refresh_token=47e3cdd5a9f5ffebe0e1b6b6fbdf4a92&x-expires=1740495600&x-signature=8GqjUA3xLp9aiuOSrc1hDAp9Mnk%3D&idc=maliva&ps=13740610&shcp=ff37627b&shp=30310797&t=4d5b0474,7442911989005435694,1732938007,2024-11-30T03:40:07.000Z,32,,3,https://www.tiktok.com/@prankstarvibes/video/7442878275497528622,He left her for 30 minutes with people she doesn’t know,7119121494555165739,msdelisa1,https://www.tiktok.com/@prankstarvibes/video/7442878275497528622
https://p16-sign-va.tiktokcdn.com/tos-maliva-avt-0068/60165b0f77467bc0db8189a00d4589b6~tplv-tiktokx-cropcenter:100:100.jpg?dr=14579&nonce=79062&refresh_token=16f59c5761ec43cfdff47a913f3f12aa&x-expires=1740495600&x-signature=tgISlO4VEjieSsFU1%2B%2BESWjlpoA%3D&idc=maliva&ps=13740610&shcp=ff37627b&shp=30310797&t=4d5b0474,7442929706439590698,1732942139,2024-11-30T04:48:59.000Z,11,,2,https://www.tiktok.com/@prankstarvibes/video/7442878275497528622,i think she had already slept with one of his family members,6994840455498892293,danieldillow480,https://www.tiktok.com/@prankstarvibes/video/7442878275497528622
https://p16-sign-va.tiktokcdn.com/musically-maliva-obj/1594805258216454~tplv-tiktokx-cropcenter:100:100.jpg?dr=14579&nonce=95088&refresh_token=9a378025832b91a52dad0d4da6d14bb8&x-expires=1740495600&x-signature=w4%2B31RZ0ehf%2FY6wn%2FneLdVcAU4E%3D&idc=maliva&ps=13740610&shcp=ff37627b&shp=30310797&t=4d5b0474,7442991533100385070,1732956596,2024-11-30T08:49:56.000Z,6,,1,https://www.tiktok.com/@prankstarvibes/video/7442878275497528622,Ugh! That’s super creepy. People that are into that lifestyle are sketch.,7227844965555930154,user499333835218,https://www.tiktok.com/@prankstarvibes/video/7442878275497528622
https://p16-sign-va.tiktokcdn.com/tos-maliva-avt-0068/15cb275dd292e9c9416a1ca36e4d264d~tplv-tiktokx-cropcenter:100:100.jpg?dr=14579&nonce=64195&refresh_token=9970df24651482f345e79293ea232ebf&x-expires=1740495600&x-signature=ujB8vIVuBvlVuvNNHGk4pby%2BKAU%3D&idc=maliva&ps=13740610&shcp=ff37627b&shp=30310797&t=4d5b0474,7442973698174632750,1732952403,2024-11-30T07:40:03.000Z,16,,0,https://www.tiktok.com/@prankstarvibes/video/7442878275497528622,He dodged a bullet,6700744205696631813,78_zddy,https://www.tiktok.com/@prankstarvibes/video/7442878275497528622
https://p16-sign-va.tiktokcdn.com/musically-maliva-obj/1594805258216454~tplv-tiktokx-cropcenter:100:100.jpg?dr=14579&nonce=88629&refresh_token=de4fa28dd539d0e0a0ec1a27636fa67c&x-expires=1740495600&x-signature=w4%2B31RZ0ehf%2FY6wn%2FneLdVcAU4E%3D&idc=maliva&ps=13740610&shcp=ff37627b&shp=30310797&t=4d5b0474,7442965893548851999,1732950568,2024-11-30T07:09:28.000Z,6,,0,https://www.tiktok.com/@prankstarvibes/video/7442878275497528622,I knew it because she slept with family members,6948780656100918277,user9210282766971,https://www.tiktok.com/@prankstarvibes/video/7442878275497528622
https://p16-sign-va.tiktokcdn.com/tos-maliva-avt-0068/8b92a2a74aa998dd7c5bbeb2e2bbd424~tplv-tiktokx-cropcenter:100:100.jpg?dr=14579&nonce=46061&refresh_token=dddfd91484beed216ca9d2a4a6bb4814&x-expires=1740495600&x-signature=cDvSccGekZt20W5AZ2CRUvJyz9s%3D&idc=maliva&ps=13740610&shcp=ff37627b&shp=30310797&t=4d5b0474,7442974444975047470,1732952563,2024-11-30T07:42:43.000Z,5,,0,https://www.tiktok.com/@prankstarvibes/video/7442878275497528622,you treated her poorly by ignoring her,6940923174662095877,user5463694764797,https://www.tiktok.com/@prankstarvibes/video/7442878275497528622
https://p16-sign-va.tiktokcdn.com/tos-maliva-avt-0068/7347980007362281518~tplv-tiktokx-cropcenter:100:100.jpg?dr=14579&nonce=32408&refresh_token=728ba5a384b4b8088d37578360dfd4f7&x-expires=1740495600&x-signature=vF0fkOFwzgYS9GSB%2Fp1XuMU6MLg%3D&idc=maliva&ps=13740610&shcp=ff37627b&shp=30310797&t=4d5b0474,7442975277203997470,1732952743,2024-11-30T07:45:43.000Z,2,,2,https://www.tiktok.com/@prankstarvibes/video/7442878275497528622,This shouldn’t have been aired. ☹️,6845807987429590021,catsandbooks7,https://www.tiktok.com/@prankstarvibes/video/7442878275497528622
https://p16-sign-va.tiktokcdn.com/tos-maliva-avt-0068/7328174968251826182~tplv-tiktokx-cropcenter:100:100.jpg?dr=14579&nonce=64767&refresh_token=7726b4c4cd52522ee916dd26fe78886f&x-expires=1740495600&x-signature=rv8XSeFXP3TjPTnDrsbdRXIOwis%3D&idc=maliva&ps=13740610&shcp=ff37627b&shp=30310797&t=4d5b0474,7443417742227915566,1733055792,2024-12-01T12:23:12.000Z,2,,0,https://www.tiktok.com/@prankstarvibes/video/7442878275497528622,One of his relatives said something to her,6532069792994557954,greeneyes865,https://www.tiktok.com/@prankstarvibes/video/7442878275497528622
https://p16-sign-va.tiktokcdn.com/tos-maliva-avt-0068/7326288483100655621~tplv-tiktokx-cropcenter:100:100.jpg?dr=14579&nonce=48580&refresh_token=1bc8b33892a17439f446e82ecab00b16&x-expires=1740495600&x-signature=tKEBrojIrmccxJaUQiB7kFZuEUU%3D&idc=maliva&ps=13740610&shcp=ff37627b&shp=30310797&t=4d5b0474,7443100890405290783,1732981987,2024-11-30T15:53:07.000Z,2,,0,https://www.tiktok.com/@prankstarvibes/video/7442878275497528622,The dude dodged a bullet.,6873898818301019141,mustangtexas,https://www.tiktok.com/@prankstarvibes/video/7442878275497528622
https://p16-sign-va.tiktokcdn.com/musically-maliva-obj/1594805258216454~tplv-tiktokx-cropcenter:100:100.jpg?dr=14579&nonce=93072&refresh_token=a29c0054fa0d1c664d43de947231ce8b&x-expires=1740495600&x-signature=w4%2B31RZ0ehf%2FY6wn%2FneLdVcAU4E%3D&idc=maliva&ps=13740610&shcp=ff37627b&shp=30310797&t=4d5b0474,7443096884014744362,1732981062,2024-11-30T15:37:42.000Z,2,,0,https://www.tiktok.com/@prankstarvibes/video/7442878275497528622,Your dad is her dad,7291454363704263722,troy83763,https://www.tiktok.com/@prankstarvibes/video/7442878275497528622
https://p16-sign-va.tiktokcdn.com/tos-maliva-avt-0068/7353584550380830762~tplv-tiktokx-cropcenter:100:100.jpg?dr=14579&nonce=17399&refresh_token=a21cc6eb0d515d3cafbbf3fc16f09676&x-expires=1740495600&x-signature=%2FCvyT%2F8WxN7ct4eExEhQh8idJME%3D&idc=maliva&ps=13740610&shcp=ff37627b&shp=30310797&t=4d5b0474,7442917563002487594,1732939312,2024-11-30T04:01:52.000Z,2,,0,https://www.tiktok.com/@prankstarvibes/video/7442878275497528622,It's her grandma too.,6939337202162418694,caligulamericus,https://www.tiktok.com/@prankstarvibes/video/7442878275497528622
https://p16-sign-va.tiktokcdn.com/tos-maliva-avt-0068/7378316242517491754~tplv-tiktokx-cropcenter:100:100.jpg?dr=14579&nonce=82930&refresh_token=7dd137fc4a31027f91c1c8abde73eab2&x-expires=1740495600&x-signature=tuWJNVB2mscefG4RBRqF6YGnjiQ%3D&idc=maliva&ps=13740610&shcp=ff37627b&shp=30310797&t=4d5b0474,7443300251452310318,1733028410,2024-12-01T04:46:50.000Z,1,,0,https://www.tiktok.com/@prankstarvibes/video/7442878275497528622,I wouldn’t want to date a swinger either if I were him. She’s probably had more riders than Amtrak. Your and and uncle can give him position tips and how she likes it. No way.,7308604585719219242,truthbomb65,https://www.tiktok.com/@prankstarvibes/video/7442878275497528622
https://p16-pu-sign-useast8.tiktokcdn-us.com/tos-useast8-avt-0068-tx2/28ef58fc5f485b56d90f14dee43ce9c7~tplv-tiktokx-cropcenter:100:100.jpg?dr=9640&nonce=13968&refresh_token=36ae1551a9aad9b853a0c8323984080f&x-expires=1740495600&x-signature=aLtp8ynlMhYs7MgobZXQ8FUxsOE%3D&idc=useast8&ps=13740610&shcp=ff37627b&shp=30310797&t=4d5b0474,7443084361926886190,1732978150,2024-11-30T14:49:10.000Z,3,,0,https://www.tiktok.com/@prankstarvibes/video/7442878275497528622,I knew it!!!,6822771662217053189,mikelovesashleigh,https://www.tiktok.com/@prankstarvibes/video/7442878275497528622
https://p16-sign.tiktokcdn-us.com/tos-useast5-avt-0068-tx/89c696cc82827917c4396d0d05c73cee~tplv-tiktokx-cropcenter:100:100.jpg?dr=9640&nonce=86976&refresh_token=a8ecebb854e5754c1eaa656285cce5fa&x-expires=1740495600&x-signature=Irw5Xf16w%2Bhh3z2MRXDksOuEXLo%3D&idc=useast8&ps=13740610&shcp=ff37627b&shp=30310797&t=4d5b0474,7442992907504796447,1732956877,2024-11-30T08:54:37.000Z,2,,0,https://www.tiktok.com/@prankstarvibes/video/7442878275497528622,,6933781397199717382,user2086130579226,https://www.tiktok.com/@prankstarvibes/video/7442878275497528622
https://p16-pu-sign-useast8.tiktokcdn-us.com/tos-useast5-avt-0068-tx/0f58f4eaeda42a4f2b5e14163fa69cc3~tplv-tiktokx-cropcenter:100:100.jpg?dr=9640&nonce=42092&refresh_token=e5ef82cc2aeb5e55856e62577a395b8c&x-expires=1740495600&x-signature=CibseoaTKPlnuCE75YopvDwPDFM%3D&idc=useast8&ps=13740610&shcp=ff37627b&shp=30310797&t=4d5b0474,7442952157114221358,1732947366,2024-11-30T06:16:06.000Z,1,,0,https://www.tiktok.com/@prankstarvibes/video/7442878275497528622,❤️❤️❤️,7027655723745281030,kelley__kellz,https://www.tiktok.com/@prankstarvibes/video/7442878275497528622
https://p16-common-sign-va.tiktokcdn-us.com/tos-maliva-avt-0068/7326545128724791302~tplv-tiktokx-cropcenter:100:100.jpg?dr=9640&nonce=85910&refresh_token=271942df1285cc1a6fb4215c81e3e676&x-expires=1740495600&x-signature=uH5MO90BLJFnAaHM1vsccb0%2FPdQ%3D&idc=useast8&ps=13740610&shcp=ff37627b&shp=30310797&t=4d5b0474,7442957436600697646,1732948614,2024-11-30T06:36:54.000Z,7,,0,https://www.tiktok.com/@prankstarvibes/video/7442878275497528622,"She realized how much she was cared for. She left because she was messing around on the side, and she felt guilty. She did him a favor.",6879486740161397766,user3606843964385,https://www.tiktok.com/@prankstarvibes/video/7442878275497528622
https://p19-pu-sign-useast8.tiktokcdn-us.com/tos-useast5-avt-0068-tx/456665f192f52ae11996deb8154bfefb~tplv-tiktokx-cropcenter:100:100.jpg?dr=9640&nonce=39843&refresh_token=cec9f991945dcafc7a98b9724aa80a1b&x-expires=1740495600&x-signature=TDyGuKvLfgkHoZBzzIb69C0xnrc%3D&idc=useast8&ps=13740610&shcp=ff37627b&shp=30310797&t=4d5b0474,7442937663740166958,1732943986,2024-11-30T05:19:46.000Z,4,,0,https://www.tiktok.com/@prankstarvibes/video/7442878275497528622,I don’t think you should’ve posted this one,6914341715890013189,hescoming77,https://www.tiktok.com/@prankstarvibes/video/7442878275497528622
https://p16-sign-va.tiktokcdn.com/tos-maliva-avt-0068/d49384248615bbdca43cd2e5143d41eb~tplv-tiktokx-cropcenter:100:100.jpg?dr=10399&nonce=91928&refresh_token=f5b9b8d1df62288b1927ca08894dee4c&x-expires=1740495600&x-signature=H1aR0lkxq86J%2BhLalGPq8Ll4lwA%3D&idc=no1a&ps=13740610&shcp=ff37627b&shp=30310797&t=4d5b0474,7443154119680607006,1732994376,2024-11-30T19:19:36.000Z,0,,0,https://www.tiktok.com/@prankstarvibes/video/7442878275497528622,1st rule of F club,6817846905834587142,jackleftown,https://www.tiktok.com/@prankstarvibes/video/7442878275497528622
https://p16-sign-va.tiktokcdn.com/tos-maliva-avt-0068/464e81f9dc81a04e3326327c07201925~tplv-tiktokx-cropcenter:100:100.jpg?dr=10399&nonce=92405&refresh_token=1285c34a073c6fee9782486a33dd6c61&x-expires=1740495600&x-signature=VdJSRj%2Ffd5fE4xkH%2BQ3m7lKoYf4%3D&idc=no1a&ps=13740610&shcp=ff37627b&shp=30310797&t=4d5b0474,7443202474892149550,1733005630,2024-11-30T22:27:10.000Z,1,,0,https://www.tiktok.com/@prankstarvibes/video/7442878275497528622,You left her alone with people she doesn’t know and got scared ? Maybe,7393112100707091499,user0181059212,https://www.tiktok.com/@prankstarvibes/video/7442878275497528622
https://p16-sign-va.tiktokcdn.com/tos-maliva-avt-0068/8346e9a7a0f0c2800ff31ebbe342be7f~tplv-tiktokx-cropcenter:100:100.jpg?dr=10399&nonce=86476&refresh_token=90fffada6058fdce4c49ea300ba48f0b&x-expires=1740495600&x-signature=N4SqmwnTfeUBxUu2dnIA5TJHQ8M%3D&idc=no1a&ps=13740610&shcp=ff37627b&shp=30310797&t=4d5b0474,7443052279586849582,1732970712,2024-11-30T12:45:12.000Z,1,,0,https://www.tiktok.com/@prankstarvibes/video/7442878275497528622,Some ppl dig acting like they agree with you. Like im glad we got a president or for Christians. While they hate,6897013067561944070,stahlyjames,https://www.tiktok.com/@prankstarvibes/video/7442878275497528622
https://p16-sign-va.tiktokcdn.com/tos-maliva-avt-0068/e3ed5c59a25a1fb36726e865699ce1b0~tplv-tiktokx-cropcenter:100:100.jpg?dr=10399&nonce=55019&refresh_token=56756280259c76a5db0b0be525efc258&x-expires=1740495600&x-signature=igHtKwhTlHxkw7c9tOnL%2BTurW%2BY%3D&idc=no1a&ps=13740610&shcp=ff37627b&shp=30310797&t=4d5b0474,7443018123869291310,1732962762,2024-11-30T10:32:42.000Z,1,,0,https://www.tiktok.com/@prankstarvibes/video/7442878275497528622,,6997385683187106822,chriswoodard611,https://www.tiktok.com/@prankstarvibes/video/7442878275497528622
https://p16-sign-va.tiktokcdn.com/tos-maliva-avt-0068/e3e5baf63bb12d6a056f79c075c7dacd~tplv-tiktokx-cropcenter:100:100.jpg?dr=10399&nonce=50413&refresh_token=4c77630d0d548dc5bfa3675a0f11a124&x-expires=1740495600&x-signature=BcfJx9Bl6BFin6VgkdCmJkMD1hE%3D&idc=no1a&ps=13740610&shcp=ff37627b&shp=30310797&t=4d5b0474,7442951608336810783,1732947237,2024-11-30T06:13:57.000Z,1,,0,https://www.tiktok.com/@prankstarvibes/video/7442878275497528622,,7318903244578538539,joe.solis75,https://www.tiktok.com/@prankstarvibes/video/7442878275497528622
https://p16-pu-sign-useast8.tiktokcdn-us.com/tos-useast5-avt-0068-tx/7353704919100522538~tplv-tiktokx-cropcenter:100:100.jpg?dr=9640&nonce=78624&refresh_token=b4ad9e06462b90a4d89f61d5406f20dc&x-expires=1740495600&x-signature=xW4HVYfxPpEkrOv%2FjC%2F5HDFykWk%3D&idc=useast5&ps=13740610&shcp=ff37627b&shp=30310797&t=4d5b0474,7447372699025244958,1733976604,2024-12-12T04:10:04.000Z,7,,3,https://www.tiktok.com/@sunsetnailbar/video/7444635603762679082,How is it $200 off when it’s still $399. Same price it was originally.,6913319110172607494,labgirlnj,https://www.tiktok.com/@sunsetnailbar/video/7444635603762679082
https://p16-common-sign-va.tiktokcdn-us.com/tos-maliva-avt-0068/7329377223029293061~tplv-tiktokx-cropcenter:100:100.jpg?dr=9640&nonce=24529&refresh_token=46219ae9b6afc340ebb693c76485adda&x-expires=1740495600&x-signature=cTKNHxQGWP%2BqHH08vOXq3dEowX4%3D&idc=useast5&ps=13740610&shcp=ff37627b&shp=30310797&t=4d5b0474,7447373344003687214,1733976750,2024-12-12T04:12:30.000Z,0,7447372699025244958,,https://www.tiktok.com/@sunsetnailbar/video/7444635603762679082,hi. it’s originally $599. on other sites it’s more than that. this is a sale price +coupons for more savings +free shipping and it’s worth it,6556667791616786434,sunsetnailbar,https://www.tiktok.com/@sunsetnailbar/video/7444635603762679082
https://p16-sign.tiktokcdn-us.com/tos-useast5-avt-0068-tx/107295f9d9ad7512d4967070397cef6c~tplv-tiktokx-cropcenter:100:100.jpg?dr=9640&nonce=94312&refresh_token=4bd2a44516db04da04470bbbb9782d64&x-expires=1740495600&x-signature=GNvPnGVLiMYdtZLT03Gp6kzE1q4%3D&idc=useast5&ps=13740610&shcp=ff37627b&shp=30310797&t=4d5b0474,7448134613173863210,1734154000,2024-12-14T05:26:40.000Z,3,,4,https://www.tiktok.com/@sunsetnailbar/video/7444635603762679082,will not mop good,7067378796848612398,sparkleandshine104,https://www.tiktok.com/@sunsetnailbar/video/7444635603762679082
https://p16-common-sign-va.tiktokcdn-us.com/tos-maliva-avt-0068/7329377223029293061~tplv-tiktokx-cropcenter:100:100.jpg?dr=9640&nonce=24529&refresh_token=46219ae9b6afc340ebb693c76485adda&x-expires=1740495600&x-signature=cTKNHxQGWP%2BqHH08vOXq3dEowX4%3D&idc=useast5&ps=13740610&shcp=ff37627b&shp=30310797&t=4d5b0474,7448157204383384363,1734159277,2024-12-14T06:54:37.000Z,0,7448134613173863210,,https://www.tiktok.com/@sunsetnailbar/video/7444635603762679082,do you have one? i run mine everyday,6556667791616786434,sunsetnailbar,https://www.tiktok.com/@sunsetnailbar/video/7444635603762679082
https://p16-common-sign-va.tiktokcdn-us.com/tos-maliva-avt-0068/a094be9c534fcaee4a1482ab70130b0c~tplv-tiktokx-cropcenter:100:100.jpg?dr=9640&nonce=321&refresh_token=36c882f42b3cc32848cf44479ec661c8&x-expires=1740495600&x-signature=T1OnpISvvAXo0GkEYO8JHx%2FIV%2Bg%3D&idc=useast5&ps=13740610&shcp=ff37627b&shp=30310797&t=4d5b0474,7455456229337416494,1735858687,2025-01-02T22:58:07.000Z,3,,3,https://www.tiktok.com/@sunsetnailbar/video/7444635603762679082,"omg I need this so bad, but can't afford. ugh it seems so awesome",6846022918109234182,inkedmadre,https://www.tiktok.com/@sunsetnailbar/video/7444635603762679082
https://p16-common-sign-va.tiktokcdn-us.com/tos-maliva-avt-0068/7329377223029293061~tplv-tiktokx-cropcenter:100:100.jpg?dr=9640&nonce=24529&refresh_token=46219ae9b6afc340ebb693c76485adda&x-expires=1740495600&x-signature=cTKNHxQGWP%2BqHH08vOXq3dEowX4%3D&idc=useast5&ps=13740610&shcp=ff37627b&shp=30310797&t=4d5b0474,7455547008643547950,1735879828,2025-01-03T04:50:28.000Z,1,7455456229337416494,,https://www.tiktok.com/@sunsetnailbar/video/7444635603762679082,it saves me with my neck and back pain a lot but i totally understand,6556667791616786434,sunsetnailbar,https://www.tiktok.com/@sunsetnailbar/video/7444635603762679082
https://p16-sign.tiktokcdn-us.com/tos-useast5-avt-0068-tx/78461e16e911ca5bb83d058e69698bdc~tplv-tiktokx-cropcenter:100:100.jpg?dr=9640&nonce=95255&refresh_token=04a1fca16c19b1671bb801005976e8d7&x-expires=1740495600&x-signature=FeFGRWTLUsuwvsCWW38k%2BZS3ZlE%3D&idc=useast5&ps=13740610&shcp=ff37627b&shp=30310797&t=4d5b0474,7455243733709095726,1735809242,2025-01-02T09:14:02.000Z,2,,0,https://www.tiktok.com/@sunsetnailbar/video/7444635603762679082,It doesn’t have ai vision,6651198096838524934,the_meta_architect,https://www.tiktok.com/@sunsetnailbar/video/7444635603762679082
https://p16-pu-sign-useast8.tiktokcdn-us.com/tos-useast8-avt-0068-tx2/bbced673cd454c8f019a41caeacb7ff0~tplv-tiktokx-cropcenter:100:100.jpg?dr=9640&nonce=91452&refresh_token=c76a43517034084257b0aacd90947aeb&x-expires=1740495600&x-signature=oIbWMeCopMBvHBf0krDhq5Tn%2BS4%3D&idc=useast5&ps=13740610&shcp=ff37627b&shp=30310797&t=4d5b0474,7453216789799977759,1735337269,2024-12-27T22:07:49.000Z,2,,3,https://www.tiktok.com/@sunsetnailbar/video/7444635603762679082,We have 2 and they do any amazing job of sweeping and mopping.,6957483198717199365,huntgirl0508,https://www.tiktok.com/@sunsetnailbar/video/7444635603762679082
https://p16-common-sign-va.tiktokcdn-us.com/tos-maliva-avt-0068/7329377223029293061~tplv-tiktokx-cropcenter:100:100.jpg?dr=9640&nonce=24529&refresh_token=46219ae9b6afc340ebb693c76485adda&x-expires=1740495600&x-signature=cTKNHxQGWP%2BqHH08vOXq3dEowX4%3D&idc=useast5&ps=13740610&shcp=ff37627b&shp=30310797&t=4d5b0474,7453238646480634670,1735342376,2024-12-27T23:32:56.000Z,1,7453216789799977759,,https://www.tiktok.com/@sunsetnailbar/video/7444635603762679082,need all the help with the dogs,6556667791616786434,sunsetnailbar,https://www.tiktok.com/@sunsetnailbar/video/7444635603762679082
https://p19-pu-sign-useast8.tiktokcdn-us.com/tos-useast5-avt-0068-tx/7343748072456863790~tplv-tiktokx-cropcenter:100:100.jpg?dr=9640&nonce=66486&refresh_token=615ec11aec36313cf3a34bedfd5788bc&x-expires=1740495600&x-signature=eweirkHiTCe85cwuKuZ6Zd%2FxYxw%3D&idc=useast5&ps=13740610&shcp=ff37627b&shp=30310797&t=4d5b0474,7453114277533647658,1735313418,2024-12-27T15:30:18.000Z,1,,0,https://www.tiktok.com/@sunsetnailbar/video/7444635603762679082,I bought one...its frkn amazing. so quiet..does a great job sweeping and mopping,6994185179070809093,itsmedonnamcgee,https://www.tiktok.com/@sunsetnailbar/video/7444635603762679082
https://p16-common-sign-va.tiktokcdn-us.com/tos-maliva-avt-0068/7336327614792040453~tplv-tiktokx-cropcenter:100:100.jpg?dr=9640&nonce=34705&refresh_token=64b5567a768869e88bcdc952c3b72701&x-expires=1740495600&x-signature=JyfmHjncLcab1fANY5Ga3pirBMk%3D&idc=useast5&ps=13740610&shcp=ff37627b&shp=30310797&t=4d5b0474,7456514233372574494,1736105020,2025-01-05T19:23:40.000Z,2,,0,https://www.tiktok.com/@sunsetnailbar/video/7444635603762679082,,6901449486780318725,krupatrupa,https://www.tiktok.com/@sunsetnailbar/video/7444635603762679082
https://p16-pu-sign-useast8.tiktokcdn-us.com/tos-useast5-avt-0068-tx/8dfd347bfd82ee7c2e5b61c0e1ad7c22~tplv-tiktokx-cropcenter:100:100.jpg?dr=9640&nonce=43852&refresh_token=a991637ffe7671970cec487728fc9b5d&x-expires=1740495600&x-signature=ltP%2FZztHbpWX0QXBd3RHliQT3Mg%3D&idc=useast5&ps=13740610&shcp=ff37627b&shp=30310797&t=4d5b0474,7456556945693868842,1736114980,2025-01-05T22:09:40.000Z,2,,0,https://www.tiktok.com/@sunsetnailbar/video/7444635603762679082,,7359690578239996971,dylan.perez184,https://www.tiktok.com/@sunsetnailbar/video/7444635603762679082
https://p16-sign.tiktokcdn-us.com/tos-useast5-avt-0068-tx/0d248b1884db70260cf388dea40272d0~tplv-tiktokx-cropcenter:100:100.jpg?dr=9640&nonce=52723&refresh_token=07d13a4f30b9b34d97c391845a064fe5&x-expires=1740495600&x-signature=Vbz4HWcTFXnBlVmqV8%2BgSMUbRzw%3D&idc=useast5&ps=13740610&shcp=ff37627b&shp=30310797&t=4d5b0474,7452305685861090094,1735125212,2024-12-25T11:13:32.000Z,4,,1,https://www.tiktok.com/@sunsetnailbar/video/7444635603762679082,I’m sick of seeing people lie “made a mistake” like no,6766279122316641286,blairwoodmancy,https://www.tiktok.com/@sunsetnailbar/video/7444635603762679082
https://p16-common-sign-va.tiktokcdn-us.com/tos-maliva-avt-0068/7329377223029293061~tplv-tiktokx-cropcenter:100:100.jpg?dr=9640&nonce=24529&refresh_token=46219ae9b6afc340ebb693c76485adda&x-expires=1740495600&x-signature=cTKNHxQGWP%2BqHH08vOXq3dEowX4%3D&idc=useast5&ps=13740610&shcp=ff37627b&shp=30310797&t=4d5b0474,7452306468802413355,1735125414,2024-12-25T11:16:54.000Z,0,7452305685861090094,,https://www.tiktok.com/@sunsetnailbar/video/7444635603762679082,lie? why because the “black friday sale” extended through the holidays. merry christmas,6556667791616786434,sunsetnailbar,https://www.tiktok.com/@sunsetnailbar/video/7444635603762679082
https://p19-pu-sign-useast8.tiktokcdn-us.com/tos-useast5-avt-0068-tx/a8b371df0e97f507b45767f08e2b8a65~tplv-tiktokx-cropcenter:100:100.jpg?dr=9640&nonce=86080&refresh_token=2299a01136da68ebd74b91dffb62ca18&x-expires=1740495600&x-signature=rgIzDCz8D2ynD8j8ZVbhGcF5X7E%3D&idc=useast5&ps=13740610&shcp=ff37627b&shp=30310797&t=4d5b0474,7456132114905187103,1736016049,2025-01-04T18:40:49.000Z,2,,1,https://www.tiktok.com/@sunsetnailbar/video/7444635603762679082,I bought it. It’s defective. I asked eufy for help and they blocked me,7313043156487406635,hnter.biden,https://www.tiktok.com/@sunsetnailbar/video/7444635603762679082
https://p16-common-sign-va.tiktokcdn-us.com/tos-maliva-avt-0068/7329377223029293061~tplv-tiktokx-cropcenter:100:100.jpg?dr=9640&nonce=24529&refresh_token=46219ae9b6afc340ebb693c76485adda&x-expires=1740495600&x-signature=cTKNHxQGWP%2BqHH08vOXq3dEowX4%3D&idc=useast5&ps=13740610&shcp=ff37627b&shp=30310797&t=4d5b0474,7457393956013671210,1736309855,2025-01-08T04:17:35.000Z,0,7456132114905187103,,https://www.tiktok.com/@sunsetnailbar/video/7444635603762679082,username?,6556667791616786434,sunsetnailbar,https://www.tiktok.com/@sunsetnailbar/video/7444635603762679082
https://p16-sign.tiktokcdn-us.com/tos-useast5-avt-0068-tx/50fdca2c424db4647bf371c6ed809dd2~tplv-tiktokx-cropcenter:100:100.jpg?dr=9640&nonce=82425&refresh_token=f02a22a68d64114a6c894f0a0b922625&x-expires=1740495600&x-signature=kX3UjUiAkDZWbuuJNWJWbBom1HM%3D&idc=useast5&ps=13740610&shcp=ff37627b&shp=30310797&t=4d5b0474,7455898231583769390,1735961593,2025-01-04T03:33:13.000Z,2,,0,https://www.tiktok.com/@sunsetnailbar/video/7444635603762679082,It lowkey is not worth the price.,6661724800137216006,cam_only_dave,https://www.tiktok.com/@sunsetnailbar/video/7444635603762679082
https://p16-common-sign-sg.tiktokcdn-us.com/tos-alisg-avt-0068/1c82364721ee0fdd0edc62a730ab29be~tplv-tiktokx-cropcenter:100:100.jpg?dr=9640&nonce=92627&refresh_token=774e6a06dbd287bf81b1c3a5a23a551c&x-expires=1740495600&x-signature=BmcnSVQycLYgH2zVbolhc9cEON8%3D&idc=useast5&ps=13740610&shcp=ff37627b&shp=30310797&t=4d5b0474,7448983916059231007,1734351745,2024-12-16T12:22:25.000Z,2,,0,https://www.tiktok.com/@sunsetnailbar/video/7444635603762679082,Last chance to save $200❗️Order by the 22nd and get it before Christmas  Shop the Final Sale now on TikTok Shop,6893810131097404417,eufyhome,https://www.tiktok.com/@sunsetnailbar/video/7444635603762679082
https://p16-common-sign-va.tiktokcdn-us.com/tos-maliva-avt-0068/7321846581399912454~tplv-tiktokx-cropcenter:100:100.jpg?dr=9640&nonce=95247&refresh_token=94a84d9cd6659e55b376f77488c518ef&x-expires=1740495600&x-signature=J5GKc9PqudlGYEwuaU1V8xABWzE%3D&idc=useast5&ps=13740610&shcp=ff37627b&shp=30310797&t=4d5b0474,7455402017710195486,1735846064,2025-01-02T19:27:44.000Z,1,,1,https://www.tiktok.com/@sunsetnailbar/video/7444635603762679082,How many mistakes are all these vendors making?,6815715436404229126,juandiand360,https://www.tiktok.com/@sunsetnailbar/video/7444635603762679082
https://p16-common-sign-va.tiktokcdn-us.com/tos-maliva-avt-0068/7329377223029293061~tplv-tiktokx-cropcenter:100:100.jpg?dr=9640&nonce=24529&refresh_token=46219ae9b6afc340ebb693c76485adda&x-expires=1740495600&x-signature=cTKNHxQGWP%2BqHH08vOXq3dEowX4%3D&idc=useast5&ps=13740610&shcp=ff37627b&shp=30310797&t=4d5b0474,7455546647925261102,1735879745,2025-01-03T04:49:05.000Z,0,7455402017710195486,,https://www.tiktok.com/@sunsetnailbar/video/7444635603762679082,a lot but it’s a win for someone who wants to purchase at a huge discount,6556667791616786434,sunsetnailbar,https://www.tiktok.com/@sunsetnailbar/video/7444635603762679082
https://lh3.googleusercontent.com/a/ACg8ocJ3cMuuxGFqYiXMoYA-G3q_rgtZzSkVWkG--LwNmEFcyD4=s300-c,7473177216542884638,1739984703,2025-02-19T17:05:03.000Z,0,,1,https://www.tiktok.com/@sunsetnailbar/video/7444635603762679082,order this item says package arrived. but no no package,7307798089533834286,sandraromero859,https://www.tiktok.com/@sunsetnailbar/video/7444635603762679082
https://p16-common-sign-va.tiktokcdn-us.com/tos-maliva-avt-0068/7329377223029293061~tplv-tiktokx-cropcenter:100:100.jpg?dr=9640&nonce=24529&refresh_token=46219ae9b6afc340ebb693c76485adda&x-expires=1740495600&x-signature=cTKNHxQGWP%2BqHH08vOXq3dEowX4%3D&idc=useast5&ps=13740610&shcp=ff37627b&shp=30310797&t=4d5b0474,7473193707472847662,1739988528,2025-02-19T18:08:48.000Z,0,7473177216542884638,,https://www.tiktok.com/@sunsetnailbar/video/7444635603762679082,reach out to them. was there a photo showing the delivery?,6556667791616786434,sunsetnailbar,https://www.tiktok.com/@sunsetnailbar/video/7444635603762679082
https://p16-sign-va.tiktokcdn.com/tos-maliva-avt-0068/09cf7f8ab2818a3e404eda7a4b203c9b~tplv-tiktokx-cropcenter:100:100.jpg?dr=14579&nonce=47794&refresh_token=3f63347c7e107f513653e76438e7ee42&x-expires=1740495600&x-signature=xoNqj%2FYV7AlZ3HtudBFJedo7sRI%3D&idc=maliva&ps=13740610&shcp=ff37627b&shp=30310797&t=4d5b0474,7455822461641212702,1735943952,2025-01-03T22:39:12.000Z,0,,0,https://www.tiktok.com/@prankstarvibes/video/7442878275497528622,,6970533334770975750,sarneson20,https://www.tiktok.com/@prankstarvibes/video/7442878275497528622
https://p16-sign-va.tiktokcdn.com/tos-maliva-avt-0068/645ce51f190d88e09efd0b13962663e1~tplv-tiktokx-cropcenter:100:100.jpg?dr=14579&nonce=91878&refresh_token=9a88038a83992c243d92afbcce171569&x-expires=1740495600&x-signature=8HjzD6%2FXnO6WeFCsAO1YZXpKZes%3D&idc=maliva&ps=13740610&shcp=ff37627b&shp=30310797&t=4d5b0474,7453207946357605150,1735335211,2024-12-27T21:33:31.000Z,0,,0,https://www.tiktok.com/@prankstarvibes/video/7442878275497528622,,6971139331222160390,eduardozendejas93,https://www.tiktok.com/@prankstarvibes/video/7442878275497528622
https://p16-sign-va.tiktokcdn.com/tos-maliva-avt-0068/dff217993931d2b8ce811b1098111ef5~tplv-tiktokx-cropcenter:100:100.jpg?dr=14579&nonce=76851&refresh_token=c19c8b6d8153f4c5b07c7655f77aaa83&x-expires=1740495600&x-signature=JhoxgZlNVwy26n6eO3RjAy2E9K4%3D&idc=maliva&ps=13740610&shcp=ff37627b&shp=30310797&t=4d5b0474,7453129769808626438,1735317027,2024-12-27T16:30:27.000Z,0,,0,https://www.tiktok.com/@prankstarvibes/video/7442878275497528622,,7196501967676933126,mervrichards,https://www.tiktok.com/@prankstarvibes/video/7442878275497528622
https://p16-sign-sg.tiktokcdn.com/tos-alisg-avt-0068/2b53bac8692f60a12178390a26917b21~tplv-tiktokx-cropcenter:100:100.jpg?dr=14579&nonce=14307&refresh_token=cfcd4d80fda05d4b106d23d0ca75bc67&x-expires=1740495600&x-signature=PEj8hrQETK5hfntmq8Fe1Zw7MqY%3D&idc=maliva&ps=13740610&shcp=ff37627b&shp=30310797&t=4d5b0474,7451757695885886229,1734997570,2024-12-23T23:46:10.000Z,0,,0,https://www.tiktok.com/@prankstarvibes/video/7442878275497528622,,6864809566606607362,james12488,https://www.tiktok.com/@prankstarvibes/video/7442878275497528622
https://p19-pu-sign-useast8.tiktokcdn-us.com/tos-useast5-avt-0068-tx/7220257289242935339~tplv-tiktokx-cropcenter:100:100.jpg?dr=9640&nonce=33423&refresh_token=7c11073694e06634c096639e6db1d04f&x-expires=1740495600&x-signature=PNrpUrOC2cH4RrpYbc3hPYYUb9o%3D&idc=useast5&ps=13740610&shcp=ff37627b&shp=30310797&t=4d5b0474,7443159752903525166,1732995693,2024-11-30T19:41:33.000Z,1,,0,https://www.tiktok.com/@prankstarvibes/video/7442878275497528622,Nah dating or just friends you make sure ppl got Thanksgiving dinner Bro,7220256492593742891,kevinwarner41,https://www.tiktok.com/@prankstarvibes/video/7442878275497528622
https://p16-common-sign-va.tiktokcdn-us.com/musically-maliva-obj/1594805258216454~tplv-tiktokx-cropcenter:100:100.jpg?dr=9640&nonce=49665&refresh_token=ee90c43cc60c89be951da46331a9de6f&x-expires=1740495600&x-signature=tRvneJrIEY3O7%2BG86dpM24J0Q2I%3D&idc=useast5&ps=13740610&shcp=ff37627b&shp=30310797&t=4d5b0474,7443047098922238751,1732969480,2024-11-30T12:24:40.000Z,1,,0,https://www.tiktok.com/@prankstarvibes/video/7442878275497528622,She recognized granny in a family photo of hers,7292164650271704110,bart18304,https://www.tiktok.com/@prankstarvibes/video/7442878275497528622
https://p19-pu-sign-useast8.tiktokcdn-us.com/tos-useast5-avt-0068-tx/7a2f989fee721f1c0591f7fd8554938c~tplv-tiktokx-cropcenter:100:100.jpg?dr=9640&nonce=26163&refresh_token=0976f493390363e557250c766ecfa869&x-expires=1740495600&x-signature=d%2FMCp0oKauW75SRNwpyn%2FYkWnRQ%3D&idc=useast5&ps=13740610&shcp=ff37627b&shp=30310797&t=4d5b0474,7443372744556004127,1733045319,2024-12-01T09:28:39.000Z,0,,0,https://www.tiktok.com/@prankstarvibes/video/7442878275497528622,The best one!!,6807060650650420230,beachdude1,https://www.tiktok.com/@prankstarvibes/video/7442878275497528622
https://p19-common-sign-va.tiktokcdn-us.com/tos-maliva-avt-0068/97d90b8bf04c8bfeea2a3a2863411ebe~tplv-tiktokx-cropcenter:100:100.jpg?dr=9640&nonce=44132&refresh_token=a173b3ccf686d99f864490c791075d22&x-expires=1740495600&x-signature=R1HM65ts2R%2BsnotAKT%2BOA3p8sBY%3D&idc=useast5&ps=13740610&shcp=ff37627b&shp=30310797&t=4d5b0474,7443013095762658090,1732961580,2024-11-30T10:13:00.000Z,0,,0,https://www.tiktok.com/@prankstarvibes/video/7442878275497528622,,6870649790486266885,user82427691,https://www.tiktok.com/@prankstarvibes/video/7442878275497528622
https://p16-common-sign-va.tiktokcdn-us.com/tos-maliva-avt-0068/7334008036549410821~tplv-tiktokx-cropcenter:100:100.jpg?dr=9640&nonce=79859&refresh_token=ee1bf16d4e7b8e6c309058497551bc22&x-expires=1740495600&x-signature=zlbWh7PNVls7vVeGjGBUY%2FtAE8A%3D&idc=useast5&ps=13740610&shcp=ff37627b&shp=30310797&t=4d5b0474,7443334250537894698,1733036325,2024-12-01T06:58:45.000Z,0,,0,https://www.tiktok.com/@prankstarvibes/video/7442878275497528622,,6550721486087946245,gwagg63,https://www.tiktok.com/@prankstarvibes/video/7442878275497528622
https://p19-pu-sign-useast8.tiktokcdn-us.com/tos-useast5-avt-0068-tx/b09cc60072349352a305582c759b5aa1~tplv-tiktokx-cropcenter:100:100.jpg?dr=9640&nonce=62294&refresh_token=7bab7a713df22fd5114b1df68e69cb20&x-expires=1740495600&x-signature=ULJaMNX7Xa%2F6Fsr0xV3%2F5bcFR4A%3D&idc=useast5&ps=13740610&shcp=ff37627b&shp=30310797&t=4d5b0474,7443193211478328110,1733003483,2024-11-30T21:51:23.000Z,0,,0,https://www.tiktok.com/@prankstarvibes/video/7442878275497528622,Glad she left him alone,7269464680379499562,catawbablackfoot,https://www.tiktok.com/@prankstarvibes/video/7442878275497528622
https://p16-pu-sign-useast8.tiktokcdn-us.com/tos-useast5-avt-0068-tx/7060669054884773935~tplv-tiktokx-cropcenter:100:100.jpg?dr=9640&nonce=38098&refresh_token=fca4d1aae40bbbdf89ea3a19dc82b50d&x-expires=1740495600&x-signature=7j0z076R7cxEANELkzJOYih4HTA%3D&idc=useast5&ps=13740610&shcp=ff37627b&shp=30310797&t=4d5b0474,7443168088900256558,1732997639,2024-11-30T20:13:59.000Z,0,,0,https://www.tiktok.com/@prankstarvibes/video/7442878275497528622,oooohhhhh I would have left too.,6666891474883870725,cynthiasayles519,https://www.tiktok.com/@prankstarvibes/video/7442878275497528622
https://p16-common-sign-va.tiktokcdn-us.com/tos-maliva-avt-0068/86f681d75e63a7babcfa0157ed0458d9~tplv-tiktokx-cropcenter:100:100.jpg?dr=9640&nonce=41745&refresh_token=3cc95e01f8d7b286d98cddc65aa8e79b&x-expires=1740495600&x-signature=B%2Bibhqc1RpuQIwm%2BQ1OsEsm9eQw%3D&idc=useast5&ps=13740610&shcp=ff37627b&shp=30310797&t=4d5b0474,7444678430216815406,1733349294,2024-12-04T21:54:54.000Z,0,,0,https://www.tiktok.com/@prankstarvibes/video/7442878275497528622,,6590749868099485702,sheracairel,https://www.tiktok.com/@prankstarvibes/video/7442878275497528622
https://p16-common-sign-va.tiktokcdn-us.com/tos-maliva-avt-0068/7336141101473988614~tplv-tiktokx-cropcenter:100:100.jpg?dr=9640&nonce=16646&refresh_token=9dee36d24f6437c8fd9b2a667afbe21f&x-expires=1740495600&x-signature=r4oI%2BMB59fS1PFBQwja3k60sHUw%3D&idc=useast5&ps=13740610&shcp=ff37627b&shp=30310797&t=4d5b0474,7443161265491084062,1732996042,2024-11-30T19:47:22.000Z,0,,0,https://www.tiktok.com/@prankstarvibes/video/7442878275497528622,,7015670032890594310,allenpetty718,https://www.tiktok.com/@prankstarvibes/video/7442878275497528622
https://p19-sign.tiktokcdn-us.com/tos-useast5-avt-0068-tx/9d1863e4db93ae55269e4fe139ee6348~tplv-tiktokx-cropcenter:100:100.jpg?dr=9640&nonce=95226&refresh_token=add9d225bdae51f7a5f7e288dd169f93&x-expires=1740495600&x-signature=Td1yCcl%2BLAgnhGxwGhWcDpzMMG4%3D&idc=useast5&ps=13740610&shcp=ff37627b&shp=30310797&t=4d5b0474,7443898612411089707,1733167728,2024-12-02T19:28:48.000Z,0,,0,https://www.tiktok.com/@prankstarvibes/video/7442878275497528622,He left her by herself to go watch football. That’s where he went wrong,7362380371018089502,superg4811,https://www.tiktok.com/@prankstarvibes/video/7442878275497528622
https://p16-common-sign-va.tiktokcdn-us.com/musically-maliva-obj/1594805258216454~tplv-tiktokx-cropcenter:100:100.jpg?dr=9640&nonce=94921&refresh_token=787c0ee1b2cec53cc853c7500b86f549&x-expires=1740495600&x-signature=tRvneJrIEY3O7%2BG86dpM24J0Q2I%3D&idc=useast5&ps=13740610&shcp=ff37627b&shp=30310797&t=4d5b0474,7443109283758031647,1732983941,2024-11-30T16:25:41.000Z,0,,0,https://www.tiktok.com/@prankstarvibes/video/7442878275497528622,SNAPPPPPPPPPP,7324665034792518698,user49741845184486,https://www.tiktok.com/@prankstarvibes/video/7442878275497528622
https://p19-pu-sign-useast8.tiktokcdn-us.com/tos-useast5-avt-0068-tx/724549f6a332207a7e5c33671ceb98b0~tplv-tiktokx-cropcenter:100:100.jpg?dr=9640&nonce=96199&refresh_token=785e51920e47386919bad6eee7eda4c2&x-expires=1740495600&x-signature=KnLiodfTMMDMKcuid%2BJFV7e%2FF70%3D&idc=useast5&ps=13740610&shcp=ff37627b&shp=30310797&t=4d5b0474,7443157379610772266,1732995145,2024-11-30T19:32:25.000Z,0,,0,https://www.tiktok.com/@prankstarvibes/video/7442878275497528622,WoooooooooW SMALL WORLD,7263090143569216554,robertparady1,https://www.tiktok.com/@prankstarvibes/video/7442878275497528622
https://p19-pu-sign-useast8.tiktokcdn-us.com/tos-useast8-avt-0068-tx2/3a7fa0fae469e3c01ed9a98ea29ff2a0~tplv-tiktokx-cropcenter:100:100.jpg?dr=9640&nonce=32710&refresh_token=c49a949ac53197d1bb68e2c0748cfbe9&x-expires=1740495600&x-signature=DF%2FDIoa3B6otDSChQPqKGGAVO8o%3D&idc=useast5&ps=13740610&shcp=ff37627b&shp=30310797&t=4d5b0474,7443149640331707166,1732993336,2024-11-30T19:02:16.000Z,0,,0,https://www.tiktok.com/@prankstarvibes/video/7442878275497528622,He don’t care,7078598462754554926,wesleycannon367,https://www.tiktok.com/@prankstarvibes/video/7442878275497528622
https://p16-common-sign-va.tiktokcdn-us.com/tos-maliva-avt-0068/7324108317035708422~tplv-tiktokx-cropcenter:100:100.jpg?dr=9640&nonce=71312&refresh_token=448d882b6f71538fc355f03ecfd74396&x-expires=1740495600&x-signature=Dk1ryhVaKPchOd9Xr8bVKx%2FbnoI%3D&idc=useast5&ps=13740610&shcp=ff37627b&shp=30310797&t=4d5b0474,7443133905916330783,1732989671,2024-11-30T18:01:11.000Z,0,,0,https://www.tiktok.com/@prankstarvibes/video/7442878275497528622,I guessed 50 % correctly,7022428392378614790,inverseuniverse64,https://www.tiktok.com/@prankstarvibes/video/7442878275497528622
https://p16-common-sign-va.tiktokcdn-us.com/tos-maliva-avt-0068/7320978096902340613~tplv-tiktokx-cropcenter:100:100.jpg?dr=9640&nonce=68436&refresh_token=8e37c377f56c909091847b6f9f16a98c&x-expires=1740495600&x-signature=Zp9R6Oia16AfT36KiGi2A6NaNC0%3D&idc=useast5&ps=13740610&shcp=ff37627b&shp=30310797&t=4d5b0474,7443594325744075566,1733096874,2024-12-01T23:47:54.000Z,0,,0,https://www.tiktok.com/@prankstarvibes/video/7442878275497528622,For the streeeeeeeets!!!! i hate society,6918035082964960262,jasonziblioskibop1,https://www.tiktok.com/@prankstarvibes/video/7442878275497528622
https://p16-sign.tiktokcdn-us.com/tos-useast5-avt-0068-tx/7368231247941730347~tplv-tiktokx-cropcenter:100:100.jpg?dr=9640&nonce=39156&refresh_token=9de879083710862ce81af0d39bf684cf&x-expires=1740495600&x-signature=9JCXnU36fpid5HDTjOZPHBxvHRU%3D&idc=useast5&ps=13740610&shcp=ff37627b&shp=30310797&t=4d5b0474,7443562132140180266,1733089381,2024-12-01T21:43:01.000Z,0,,0,https://www.tiktok.com/@prankstarvibes/video/7442878275497528622,May be she's related to you,7364751012245210154,nyaruoth.badedong,https://www.tiktok.com/@prankstarvibes/video/7442878275497528622
https://p19-sign.tiktokcdn-us.com/tos-useast5-avt-0068-tx/7052186065058152495~tplv-tiktokx-cropcenter:100:100.jpg?dr=9640&nonce=92895&refresh_token=5a7866b6776a5fe4768122b0ae7aea9e&x-expires=1740495600&x-signature=sQYXMM%2FsFiv1qzl6kwgcy2H0WZ0%3D&idc=useast5&ps=13740610&shcp=ff37627b&shp=30310797&t=4d5b0474,7443078122943218463,1732976684,2024-11-30T14:24:44.000Z,0,,0,https://www.tiktok.com/@prankstarvibes/video/7442878275497528622,,7052185021764142085,bigfella6492,https://www.tiktok.com/@prankstarvibes/video/7442878275497528622
https://p19-pu-sign-useast8.tiktokcdn-us.com/tos-useast5-avt-0068-tx/7348034175154257963~tplv-tiktokx-cropcenter:100:100.jpg?dr=9640&nonce=53901&refresh_token=58933a72cc693a9cf4ae8c92f9bf5730&x-expires=1740495600&x-signature=x%2BsbERINnnZN%2B%2FCqdAi5l8mUKZY%3D&idc=useast5&ps=13740610&shcp=ff37627b&shp=30310797&t=4d5b0474,7443555839687246622,1733087915,2024-12-01T21:18:35.000Z,0,,0,https://www.tiktok.com/@prankstarvibes/video/7442878275497528622,,7081430543134835758,barnhillwilliam,https://www.tiktok.com/@prankstarvibes/video/7442878275497528622
https://p16-common-sign-va.tiktokcdn-us.com/tos-maliva-avt-0068/7324808604787589125~tplv-tiktokx-cropcenter:100:100.jpg?dr=9640&nonce=45458&refresh_token=1f6c702cd519d4ace1c5ae42c2267127&x-expires=1740495600&x-signature=cY%2FcezVkfHyz2GW%2Bhhm16%2BmZtaU%3D&idc=useast5&ps=13740610&shcp=ff37627b&shp=30310797&t=4d5b0474,7450895043558638379,1734796710,2024-12-21T15:58:30.000Z,0,,0,https://www.tiktok.com/@prankstarvibes/video/7442878275497528622,,6851416734814209030,domi5611,https://www.tiktok.com/@prankstarvibes/video/7442878275497528622
https://p16-common-sign-va.tiktokcdn-us.com/tos-maliva-avt-0068/7334183016812789766~tplv-tiktokx-cropcenter:100:100.jpg?dr=9640&nonce=49455&refresh_token=c5fdd0a0aa419021ac4102b96ef5ea30&x-expires=1740495600&x-signature=1vvE77iuN9UYxZ7IWz7HqNQXB6E%3D&idc=useast5&ps=13740610&shcp=ff37627b&shp=30310797&t=4d5b0474,7443550550300295966,1733086678,2024-12-01T20:57:58.000Z,0,,0,https://www.tiktok.com/@prankstarvibes/video/7442878275497528622,because I know them,7027607006098506757,chrislong5840,https://www.tiktok.com/@prankstarvibes/video/7442878275497528622
https://p19-pu-sign-useast8.tiktokcdn-us.com/tos-useast5-avt-0068-tx/bd5145e615aec86524761d2904df0271~tplv-tiktokx-cropcenter:100:100.jpg?dr=9640&nonce=8574&refresh_token=6b14fe4251b6a5eabd4ac90e2971d144&x-expires=1740495600&x-signature=h4fzsIRXeaImmggT1DTygmgo16c%3D&idc=useast5&ps=13740610&shcp=ff37627b&shp=30310797&t=4d5b0474,7443028182124708651,1732965105,2024-11-30T11:11:45.000Z,0,,0,https://www.tiktok.com/@prankstarvibes/video/7442878275497528622,,7091224323295527982,jessbassist1969,https://www.tiktok.com/@prankstarvibes/video/7442878275497528622
https://p16-pu-sign-useast8.tiktokcdn-us.com/tos-useast8-avt-0068-tx2/f65e5c7974635492b11c62b3e247d3ac~tplv-tiktokx-cropcenter:100:100.jpg?dr=9640&nonce=32012&refresh_token=11b895a617c43bb48c1a551bffa88c66&x-expires=1740495600&x-signature=2mPWvmGdMvZX9A5sMhaj7QXtkjU%3D&idc=useast5&ps=13740610&shcp=ff37627b&shp=30310797&t=4d5b0474,7443521990445548334,1733080040,2024-12-01T19:07:20.000Z,0,,0,https://www.tiktok.com/@prankstarvibes/video/7442878275497528622,,7044258185742353414,jessgoshorn168,https://www.tiktok.com/@prankstarvibes/video/7442878275497528622
https://p19-sign.tiktokcdn-us.com/tos-useast5-avt-0068-tx/cf3a97a409ac0d8f263f5f95ef325ddc~tplv-tiktokx-cropcenter:100:100.jpg?dr=9640&nonce=14874&refresh_token=c6752be8fd10c4cdb6dd6dfa0093bfe6&x-expires=1740495600&x-signature=KRBKWVYZ0hXS2eKK94tE7xTeSo4%3D&idc=useast5&ps=13740610&shcp=ff37627b&shp=30310797&t=4d5b0474,7443489052797567787,1733072363,2024-12-01T16:59:23.000Z,0,,0,https://www.tiktok.com/@prankstarvibes/video/7442878275497528622,,6860284149451457542,theyluv_m.k.n4,https://www.tiktok.com/@prankstarvibes/video/7442878275497528622
https://p19-pu-sign-useast8.tiktokcdn-us.com/tos-useast8-avt-0068-tx2/09ce60171e5ce96add19e098f5a22be6~tplv-tiktokx-cropcenter:100:100.jpg?dr=9640&nonce=55993&refresh_token=b2d2dd2b9e05e2afeb85e080d2655845&x-expires=1740495600&x-signature=j99uf4O3cESH4YsLsOH6I%2BR64Fg%3D&idc=useast5&ps=13740610&shcp=ff37627b&shp=30310797&t=4d5b0474,7442965415179125535,1732950450,2024-11-30T07:07:30.000Z,0,,0,https://www.tiktok.com/@prankstarvibes/video/7442878275497528622,,7227585838694745130,jamiekrijger4,https://www.tiktok.com/@prankstarvibes/video/7442878275497528622
https://p19-common-sign-va.tiktokcdn-us.com/tos-maliva-avt-0068/7335252356084269061~tplv-tiktokx-cropcenter:100:100.jpg?dr=9640&nonce=58136&refresh_token=2327c407325a9ca829573089ed3f960a&x-expires=1740495600&x-signature=jztl1dRRLc9y7lU8xbOVhxLIwlc%3D&idc=useast5&ps=13740610&shcp=ff37627b&shp=30310797&t=4d5b0474,7449671392948716330,1734511853,2024-12-18T08:50:53.000Z,0,,0,https://www.tiktok.com/@prankstarvibes/video/7442878275497528622,,6998163898650264581,tonytaylor2913,https://www.tiktok.com/@prankstarvibes/video/7442878275497528622
https://p16-sign-va.tiktokcdn.com/tos-maliva-avt-0068/a5b77c18d03f13d9d17bebdeb593eed7~tplv-tiktokx-cropcenter:100:100.jpg?dr=10399&nonce=43627&refresh_token=1c61f02ae4b5ae92e93c32c31b6a3324&x-expires=1740495600&x-signature=jjlxV5BktFArcOM0atw3R9GwOsI%3D&idc=no1a&ps=13740610&shcp=ff37627b&shp=30310797&t=4d5b0474,7443427655427851038,1733058096,2024-12-01T13:01:36.000Z,0,,0,https://www.tiktok.com/@prankstarvibes/video/7442878275497528622,,7391669402259604523,allen.hahn,https://www.tiktok.com/@prankstarvibes/video/7442878275497528622
https://p16-sign-va.tiktokcdn.com/tos-maliva-avt-0068/7332749588031832070~tplv-tiktokx-cropcenter:100:100.jpg?dr=10399&nonce=88208&refresh_token=894659c8ac1c7bc424412d049c725cdb&x-expires=1740495600&x-signature=pnms18MOYx3VJ76m%2BBCzLbaXY8M%3D&idc=no1a&ps=13740610&shcp=ff37627b&shp=30310797&t=4d5b0474,7443453880337826602,1733064187,2024-12-01T14:43:07.000Z,0,,0,https://www.tiktok.com/@prankstarvibes/video/7442878275497528622,I love that when I go to comment that there’s only 69 comments the perfect number to comment,6998117595930330118,dennisgodshall,https://www.tiktok.com/@prankstarvibes/video/7442878275497528622
https://p16-sign-va.tiktokcdn.com/tos-maliva-avt-0068/cb5c698b44fdda302cc65790095408ef~tplv-tiktokx-cropcenter:100:100.jpg?dr=10399&nonce=68165&refresh_token=6b077719743304ae38d1d03d3f8c0248&x-expires=1740495600&x-signature=d76c2R7AVu1Tl31wYgla4yqzzI8%3D&idc=no1a&ps=13740610&shcp=ff37627b&shp=30310797&t=4d5b0474,7442924510200464174,1732940915,2024-11-30T04:28:35.000Z,0,,0,https://www.tiktok.com/@prankstarvibes/video/7442878275497528622,,6848337621635892229,matt_lockem,https://www.tiktok.com/@prankstarvibes/video/7442878275497528622