"author","authorIsChannelOwner","cid","comment","commentsCount","hasCreatorHeart","pageUrl","publishedTimeText","replyCount","replyToCid","title","type","videoId","voteCount"
"@ByValentineLewis","true","Ugw6MZD7giKhe3LSmXp4AaABAg","https://shop.eufy.com/springHixr
https://eufyofficial.com/spring2WSO","56","true","https://www.youtube.com/watch?v=5rTG5f_yogU","5 days ago (edited)","8",,"eufy Robot Vacuum Omni C20, Robot Vacuum and Mop Combo Review","comment","5rTG5f_yogU","33"
"@juliapolunza6525","false","Ugy0ek1zk8XaV0lgSs14AaABAg","Nice robot, affordable price. Good point Val","56","true","https://www.youtube.com/watch?v=5rTG5f_yogU","3 days ago","1",,"eufy Robot Vacuum Omni C20, Robot Vacuum and Mop Combo Review","comment","5rTG5f_yogU","3"
"@Brend396","false","UgxXRpMhTdsew549HsV4AaABAg","Valentine absolutely loved these REVIEW so very detailed looks like a great vacuum for very affordable price","56","true","https://www.youtube.com/watch?v=5rTG5f_yogU","4 days ago","1",,"eufy Robot Vacuum Omni C20, Robot Vacuum and Mop Combo Review","comment","5rTG5f_yogU","3"
"@vickyo_la","false","UgxitZtuBksCOf4lYe94AaABAg","This vacuum is definitely a game-changer","56","true","https://www.youtube.com/watch?v=5rTG5f_yogU","3 days ago","1",,"eufy Robot Vacuum Omni C20, Robot Vacuum and Mop Combo Review","comment","5rTG5f_yogU","1"
"@ericjason8118","false","Ugy62L8lZJdsb4-rhWJ4AaABAg","Love it but I’ve already just bought a robot from your other review 😅","56","true","https://www.youtube.com/watch?v=5rTG5f_yogU","3 days ago","1",,"eufy Robot Vacuum Omni C20, Robot Vacuum and Mop Combo Review","comment","5rTG5f_yogU","2"
"@MelissaBall-gt9qs","false","UgwcTzwkyzD8QOxweMp4AaABAg","WOW 🔥🔥🔥🙌🏼🙌🏼🙌🏼","56","true","https://www.youtube.com/watch?v=5rTG5f_yogU","4 days ago","1",,"eufy Robot Vacuum Omni C20, Robot Vacuum and Mop Combo Review","comment","5rTG5f_yogU","2"
"@Mzdamzel02","false","UgxJwWVo77xIv1iZxxh4AaABAg","Love how you explain things so clearly","56","true","https://www.youtube.com/watch?v=5rTG5f_yogU","3 days ago","1",,"eufy Robot Vacuum Omni C20, Robot Vacuum and Mop Combo Review","comment","5rTG5f_yogU","1"
"@DwaneRoberts-bl9oe","false","UgzZ2bjH4gGtE9lzdrx4AaABAg","Thank you for inspiring me to better ❤😍😍","56","true","https://www.youtube.com/watch?v=5rTG5f_yogU","4 days ago","1",,"eufy Robot Vacuum Omni C20, Robot Vacuum and Mop Combo Review","comment","5rTG5f_yogU","2"
"@Beecan-eh-eye","false","Ugz_bJWHcntO3sNB4eh4AaABAg","Your reviews are always so on point","56","true","https://www.youtube.com/watch?v=5rTG5f_yogU","4 days ago","1",,"eufy Robot Vacuum Omni C20, Robot Vacuum and Mop Combo Review","comment","5rTG5f_yogU","1"
"@Treasure_care","false","UgzRutCfmqfsjOeFD0F4AaABAg","You make everything sound so good","56","true","https://www.youtube.com/watch?v=5rTG5f_yogU","3 days ago","1",,"eufy Robot Vacuum Omni C20, Robot Vacuum and Mop Combo Review","comment","5rTG5f_yogU","1"
"@CassandreaHampton","false","UgybEeQ7ghVX3C6-vut4AaABAg","You have a amazing personality!","56","true","https://www.youtube.com/watch?v=5rTG5f_yogU","4 days ago","1",,"eufy Robot Vacuum Omni C20, Robot Vacuum and Mop Combo Review","comment","5rTG5f_yogU","1"
"@abigailrusell_a","false","UgzVFCi0TlXbykw5XG54AaABAg","Nice ☑️☑️☑️💯","56","true","https://www.youtube.com/watch?v=5rTG5f_yogU","3 days ago","1",,"eufy Robot Vacuum Omni C20, Robot Vacuum and Mop Combo Review","comment","5rTG5f_yogU","2"
"@LiamSawyer-c7c","false","UgzrEcqW-ekQjpCAS1h4AaABAg","Your page always has the best recommendations","56","true","https://www.youtube.com/watch?v=5rTG5f_yogU","4 days ago","1",,"eufy Robot Vacuum Omni C20, Robot Vacuum and Mop Combo Review","comment","5rTG5f_yogU","1"
"@Olivia_emily65","false","UgxNybyfKgTnSx-lMeF4AaABAg","Amazing 💯💪","56","true","https://www.youtube.com/watch?v=5rTG5f_yogU","3 days ago","1",,"eufy Robot Vacuum Omni C20, Robot Vacuum and Mop Combo Review","comment","5rTG5f_yogU","1"
"@PeytonGreen-k9p","false","UgxObyVmo5F2vLtJgh14AaABAg","This vacuum sounds amazing","56","true","https://www.youtube.com/watch?v=5rTG5f_yogU","4 days ago","1",,"eufy Robot Vacuum Omni C20, Robot Vacuum and Mop Combo Review","comment","5rTG5f_yogU","1"
"@JohnnyZanetti","false","Ugzv4a7vKFWH54q5OL94AaABAg","Such a helpful review, thank you","56","true","https://www.youtube.com/watch?v=5rTG5f_yogU","4 days ago","1",,"eufy Robot Vacuum Omni C20, Robot Vacuum and Mop Combo Review","comment","5rTG5f_yogU","1"
"@Lopez_jack","false","UgxXnewsWL8zm7MxhRZ4AaABAg","So cool ❤","56","true","https://www.youtube.com/watch?v=5rTG5f_yogU","3 days ago","1",,"eufy Robot Vacuum Omni C20, Robot Vacuum and Mop Combo Review","comment","5rTG5f_yogU","1"
"@Preshrink5","false","UgyQ53Y6lzOLy_gKuUZ4AaABAg","Definitely getting one ❤","56","true","https://www.youtube.com/watch?v=5rTG5f_yogU","3 days ago","1",,"eufy Robot Vacuum Omni C20, Robot Vacuum and Mop Combo Review","comment","5rTG5f_yogU","1"
"@Precious_Jewel4","false","Ugx-6tUZ8-wgcYui7aF4AaABAg","7000 Pa suction sounds so powerful","56","true","https://www.youtube.com/watch?v=5rTG5f_yogU","4 days ago","1",,"eufy Robot Vacuum Omni C20, Robot Vacuum and Mop Combo Review","comment","5rTG5f_yogU","1"
"@Noahbrooks1_3","false","UgxJhRSLM2UJ9asGGLR4AaABAg","The slim design makes it look so sleek","56","true","https://www.youtube.com/watch?v=5rTG5f_yogU","4 days ago","1",,"eufy Robot Vacuum Omni C20, Robot Vacuum and Mop Combo Review","comment","5rTG5f_yogU","1"
"@mattiesanders5102","false","Ugw6MZD7giKhe3LSmXp4AaABAg.AG3Rjv-5-YsAG7xfCVT0j7","not bad","56","true","https://www.youtube.com/watch?v=5rTG5f_yogU","3 days ago","0","Ugw6MZD7giKhe3LSmXp4AaABAg","eufy Robot Vacuum Omni C20, Robot Vacuum and Mop Combo Review","reply","5rTG5f_yogU","1"
"@kenanxo7384","false","Ugw6MZD7giKhe3LSmXp4AaABAg.AG3Rjv-5-YsAG7xgi_OLW9","Got mine today","56","true","https://www.youtube.com/watch?v=5rTG5f_yogU","3 days ago","0","Ugw6MZD7giKhe3LSmXp4AaABAg","eufy Robot Vacuum Omni C20, Robot Vacuum and Mop Combo Review","reply","5rTG5f_yogU","3"
"@kenoxfps8598","false","Ugw6MZD7giKhe3LSmXp4AaABAg.AG3Rjv-5-YsAG7xi2gGLAg","Its worth buying","56","true","https://www.youtube.com/watch?v=5rTG5f_yogU","3 days ago","0","Ugw6MZD7giKhe3LSmXp4AaABAg","eufy Robot Vacuum Omni C20, Robot Vacuum and Mop Combo Review","reply","5rTG5f_yogU","3"
"@GardenDIY-1321","false","Ugw6MZD7giKhe3LSmXp4AaABAg.AG3Rjv-5-YsAG7xkqCTg0K","🔥🔥🔥🔥","56","true","https://www.youtube.com/watch?v=5rTG5f_yogU","3 days ago","0","Ugw6MZD7giKhe3LSmXp4AaABAg","eufy Robot Vacuum Omni C20, Robot Vacuum and Mop Combo Review","reply","5rTG5f_yogU","1"
"@ByValentineLewis","true","Ugw6MZD7giKhe3LSmXp4AaABAg.AG3Rjv-5-YsAG8NBgHAVYm","Thank you so much!💜","56","false","https://www.youtube.com/watch?v=5rTG5f_yogU","3 days ago","0","Ugw6MZD7giKhe3LSmXp4AaABAg","eufy Robot Vacuum Omni C20, Robot Vacuum and Mop Combo Review","reply","5rTG5f_yogU","0"
"@ByValentineLewis","true","Ugw6MZD7giKhe3LSmXp4AaABAg.AG3Rjv-5-YsAG8NCNIGKbV","Enjoy it! Have fun!🙌💫⛄","56","false","https://www.youtube.com/watch?v=5rTG5f_yogU","3 days ago","0","Ugw6MZD7giKhe3LSmXp4AaABAg","eufy Robot Vacuum Omni C20, Robot Vacuum and Mop Combo Review","reply","5rTG5f_yogU","0"
"@ByValentineLewis","true","Ugw6MZD7giKhe3LSmXp4AaABAg.AG3Rjv-5-YsAG8NDB2v7Av","Yes! Absolutely! 💜","56","false","https://www.youtube.com/watch?v=5rTG5f_yogU","3 days ago","0","Ugw6MZD7giKhe3LSmXp4AaABAg","eufy Robot Vacuum Omni C20, Robot Vacuum and Mop Combo Review","reply","5rTG5f_yogU","0"
"@ByValentineLewis","true","Ugw6MZD7giKhe3LSmXp4AaABAg.AG3Rjv-5-YsAG8NESGbuhz","😊💜🐙","56","false","https://www.youtube.com/watch?v=5rTG5f_yogU","3 days ago","0","Ugw6MZD7giKhe3LSmXp4AaABAg","eufy Robot Vacuum Omni C20, Robot Vacuum and Mop Combo Review","reply","5rTG5f_yogU","0"
"@JessieBelleOfficial","false","UgyOQnfIuuziC62STk54AaABAg","What Does it Come With? Any Accessories?","54","false","https://www.youtube.com/watch?v=cC7bWwgA400","5 days ago","2",,"eufy Robot Vacuum Omni C20","comment","cC7bWwgA400","30"
"@corkymitzner2786","false","UgxndrcNGou7bZ4PnmV4AaABAg","Eufy has a reputation for overpromising on their capabilities, so it is nice to see Watson who has a very good reputation.  :)","54","false","https://www.youtube.com/watch?v=cC7bWwgA400","5 days ago","2",,"eufy Robot Vacuum Omni C20","comment","cC7bWwgA400","23"
"@gustyorzel6599","false","Ugyt8BzqcH-qaRzFXkF4AaABAg","Watson has a good voice for narration and stufff.   He seems relaxed when he talks","54","false","https://www.youtube.com/watch?v=cC7bWwgA400","5 days ago","2",,"eufy Robot Vacuum Omni C20","comment","cC7bWwgA400","30"
"@haganenriques1070","false","UgxgsLroQDgiL_1_aQx4AaABAg","Thank you, Watson. This robot vacuum is a great option for me!","54","false","https://www.youtube.com/watch?v=cC7bWwgA400","5 days ago","2",,"eufy Robot Vacuum Omni C20","comment","cC7bWwgA400","30"
"@KanikaChandra784","false","Ugzkg3ACAZNLk8BoE6h4AaABAg","The mop heads seems to click in early.  That's a cool feature","54","false","https://www.youtube.com/watch?v=cC7bWwgA400","5 days ago","2",,"eufy Robot Vacuum Omni C20","comment","cC7bWwgA400","22"
"@JanieDaniels16","false","UgwrprlU6PAoMonhehx4AaABAg","This is an amazing robot vacuum and mop. It has strong suction and an auto-lift mop that keeps carpets dry. The smart navigation avoids obstacles and cleans every corner well. I love the self-emptying and auto mop cleaning—no maintenance needed! Setup was easy, and the app makes scheduling simple. It works with my phone and smartwatch for quick control. My floors stay spotless with zero effort. It’s quiet, efficient, and saves me so much time. If you want a powerful, hands-free cleaner, this is a great choice. Highly recommend!","54","false","https://www.youtube.com/watch?v=cC7bWwgA400","5 days ago","0",,"eufy Robot Vacuum Omni C20","comment","cC7bWwgA400","4"
"@DeliaHurley463","false","Ugzgnd16HlywL7x_3694AaABAg","Is very easy to set up and you honestly don’t even need the directions and the box to tell you how to do it. You can do it without it. This vacuum can go under your couches easily and I love that cause now I don’t have to go under my couches to sweep and everything so that’s perfect.","54","false","https://www.youtube.com/watch?v=cC7bWwgA400","5 days ago","0",,"eufy Robot Vacuum Omni C20","comment","cC7bWwgA400","3"
"@randicanant4366","false","Ugz29fnOV-SGUoy1ZGJ4AaABAg","This robot vacuum performs impressively beyond my expectations. Setting up the docking station and the vacuum is easy. The mapping system efficiently navigates rooms without missing spots.","54","false","https://www.youtube.com/watch?v=cC7bWwgA400","5 days ago","0",,"eufy Robot Vacuum Omni C20","comment","cC7bWwgA400","2"
"@BrainStoles","false","Ugw9jMr0iJ9Z4kAYW9B4AaABAg","Your reviews feel more trustworthy than those from Unbox Therapy and MrBeast. You do a great job, just like Consumer Reports!","54","false","https://www.youtube.com/watch?v=cC7bWwgA400","5 days ago","0",,"eufy Robot Vacuum Omni C20","comment","cC7bWwgA400","2"
"@claybornlarger6336","false","UgxR9xlaJShw8qgt4Nd4AaABAg","Since I am an Amazon customer as well, I provide as much detail as possible for other customers in order to help make an informed decision on the products. I do not recommend products I myself wouldn't use.","54","false","https://www.youtube.com/watch?v=cC7bWwgA400","5 days ago","0",,"eufy Robot Vacuum Omni C20","comment","cC7bWwgA400","0"
"@alisontyler8919","false","Ugz15gKNsQUyik4Wohx4AaABAg","This vacuum and mop combo is a high-tech cleaning powerhouse that has significantly simplified my household chores. After using it for several weeks, here’s my detailed take on its performance, features, and a few areas where it could improve:

What I Love:
Powerful Suction and Efficient Cleaning: With 7000 Pa suction, this robot vacuum handles dirt, dust, and pet hair with ease. It’s particularly impressive on carpets and hard floors, leaving them spotless after each run. The smart dirt detection feature ensures that heavily soiled areas get extra attention, which is a huge plus.

All-in-One Dock with Auto Mop Washing & Drying: The dock is a game-changer. It automatically washes and dries the mop after each use, eliminating the hassle of manual cleaning.","54","false","https://www.youtube.com/watch?v=cC7bWwgA400","5 days ago","0",,"eufy Robot Vacuum Omni C20","comment","cC7bWwgA400","2"
"@911Reviews","false","UgyYvty5u07gpehk6Rd4AaABAg","Great work Watson!","54","false","https://www.youtube.com/watch?v=cC7bWwgA400","5 days ago","0",,"eufy Robot Vacuum Omni C20","comment","cC7bWwgA400","4"
"@ArjunaBandyopadhyay438","false","UgwHx_R9H3297zzjGTt4AaABAg","This robot vacuum looks like it's built to last!","54","false","https://www.youtube.com/watch?v=cC7bWwgA400","5 days ago","0",,"eufy Robot Vacuum Omni C20","comment","cC7bWwgA400","1"
"@laciecangelosi4979","false","UgxQt_qR_7zoNJgq-W54AaABAg","I am glad I have wood floors.  This will come in handyt!","54","false","https://www.youtube.com/watch?v=cC7bWwgA400","5 days ago","0",,"eufy Robot Vacuum Omni C20","comment","cC7bWwgA400","0"
"@levybrasseux2222","false","UgxBgds78BJcb9O59FJ4AaABAg","My experience is that it does not suck out the dust for the dust collection very well. I have had to empty the collection bin most of the time. The vacuum and mopping seems to be really good.","54","false","https://www.youtube.com/watch?v=cC7bWwgA400","5 days ago","0",,"eufy Robot Vacuum Omni C20","comment","cC7bWwgA400","0"
"@MekautatawaCihannisanika","false","Ugxdi3E6EMcrc2MBkQ94AaABAg","it took me some time to review this robot vacuum cleaner because I wanted to make sure that I used all of the features before I reviewed it. First things first make sure that you charge it up before you attempt to use it. There is an app for this vacuum that you need to download which did and then my phone upgraded and it gave me a hard time to assign back into the app so I had to start all over again with it. Once I got it back started, I was able to finally allow the vacuum cleaner to, do a map of the house which I think is pretty cool so it knows the areas that it can go into and the areas you don’t want it to go into. I love that this vacuum has a feature because it takes the work out of it for you.","54","false","https://www.youtube.com/watch?v=cC7bWwgA400","5 days ago","0",,"eufy Robot Vacuum Omni C20","comment","cC7bWwgA400","0"
"@Ida23138","false","UgyZLNAOWR40qdPQyjR4AaABAg","It works well on hardwood floors, and I’m excited to continue to use it. It does have AI intelligence, which is a little different for me, but I have had no issues with it as of yet hopefully it stays that way, but it does get a little crazy when you hear it talking telling you that it’s going to start upgrading out of the blue.","54","false","https://www.youtube.com/watch?v=cC7bWwgA400","5 days ago","0",,"eufy Robot Vacuum Omni C20","comment","cC7bWwgA400","0"
"@pammiklaphake4679","false","UgyNZqedQyTd3seTeEV4AaABAg","This review gave me all the details I needed to hit that buy button for the item on Amazon.","54","false","https://www.youtube.com/watch?v=cC7bWwgA400","5 days ago","0",,"eufy Robot Vacuum Omni C20","comment","cC7bWwgA400","0"
"@GraceYu616","false","UgxwQeZEL0CPzfyORGh4AaABAg","It really does a good job with mopping your floors and it cleans the mop for you so that is another plus for this one thing that was a downfall for me was I felt like it did not run long I felt like the battery time can be a lot better.","54","false","https://www.youtube.com/watch?v=cC7bWwgA400","5 days ago","0",,"eufy Robot Vacuum Omni C20","comment","cC7bWwgA400","0"
"@TurnerShawn","false","UgxZ_Ml4RSUCl8_HSUB4AaABAg","The associated app offers several useful functions, including the ability to separate or combine areas, designate carpet zones, and set no-entry areas. The robot effectively picks up dirt, hair, and food residues on both carpet and wood floors, with adjustable suction power and cleaning speed.","54","false","https://www.youtube.com/watch?v=cC7bWwgA400","5 days ago","0",,"eufy Robot Vacuum Omni C20","comment","cC7bWwgA400","0"
"@joemurray1664","false","UgyOQnfIuuziC62STk54AaABAg.AG3OkhkGwGIAG5917JUxT5","there should be something","54","false","https://www.youtube.com/watch?v=cC7bWwgA400","4 days ago","0","UgyOQnfIuuziC62STk54AaABAg","eufy Robot Vacuum Omni C20","reply","cC7bWwgA400","0"
"@virgillopez5889","false","UgyOQnfIuuziC62STk54AaABAg.AG3OkhkGwGIAG592I2clGI","🤔","54","false","https://www.youtube.com/watch?v=cC7bWwgA400","4 days ago","0","UgyOQnfIuuziC62STk54AaABAg","eufy Robot Vacuum Omni C20","reply","cC7bWwgA400","0"
"@ByValentineLewis","true","Ugy0ek1zk8XaV0lgSs14AaABAg.AG8LiDKj3t6AG8LoH_wwo7","It sure is!","56","false","https://www.youtube.com/watch?v=5rTG5f_yogU","3 days ago","0","Ugy0ek1zk8XaV0lgSs14AaABAg","eufy Robot Vacuum Omni C20, Robot Vacuum and Mop Combo Review","reply","5rTG5f_yogU","1"
"@LilaCausevic","false","UgxndrcNGou7bZ4PnmV4AaABAg.AG3q8KnUXvOAG58cGKgHY8","I have been very happy with eufy tbh","54","false","https://www.youtube.com/watch?v=cC7bWwgA400","4 days ago","0","UgxndrcNGou7bZ4PnmV4AaABAg","eufy Robot Vacuum Omni C20","reply","cC7bWwgA400","0"
"@GardenDIY-1321","false","UgxndrcNGou7bZ4PnmV4AaABAg.AG3q8KnUXvOAG58d_sm-0U","I feel you on that one","54","false","https://www.youtube.com/watch?v=cC7bWwgA400","4 days ago","0","UgxndrcNGou7bZ4PnmV4AaABAg","eufy Robot Vacuum Omni C20","reply","cC7bWwgA400","0"
"@ByValentineLewis","true","UgxXRpMhTdsew549HsV4AaABAg.AG6Wf34LViDAG6rgGY72cx","I'm so glad you found it helpful! 😊💜🐙","56","false","https://www.youtube.com/watch?v=5rTG5f_yogU","4 days ago","0","UgxXRpMhTdsew549HsV4AaABAg","eufy Robot Vacuum Omni C20, Robot Vacuum and Mop Combo Review","reply","5rTG5f_yogU","1"
"@ByValentineLewis","true","UgxitZtuBksCOf4lYe94AaABAg.AG7s_dHmIr9AG8Lse9XPWl","Yes, that's right! Absolutely! 💜","56","false","https://www.youtube.com/watch?v=5rTG5f_yogU","3 days ago","0","UgxitZtuBksCOf4lYe94AaABAg","eufy Robot Vacuum Omni C20, Robot Vacuum and Mop Combo Review","reply","5rTG5f_yogU","0"
"@ByValentineLewis","true","Ugy62L8lZJdsb4-rhWJ4AaABAg.AG8qyL3eXFxAG9T_e7NszK","You can never have too many robots! 😉","56","false","https://www.youtube.com/watch?v=5rTG5f_yogU","3 days ago","0","Ugy62L8lZJdsb4-rhWJ4AaABAg","eufy Robot Vacuum Omni C20, Robot Vacuum and Mop Combo Review","reply","5rTG5f_yogU","0"
"@ByValentineLewis","true","UgwcTzwkyzD8QOxweMp4AaABAg.AG5sikNqhEFAG5zWBLqxDx","😊💜🐙","56","false","https://www.youtube.com/watch?v=5rTG5f_yogU","4 days ago","0","UgwcTzwkyzD8QOxweMp4AaABAg","eufy Robot Vacuum Omni C20, Robot Vacuum and Mop Combo Review","reply","5rTG5f_yogU","0"
"@ByValentineLewis","true","UgxJwWVo77xIv1iZxxh4AaABAg.AG7sSBHE_z_AG8LvFb41Pw","I'm so glad you found it helpful! 💖","56","false","https://www.youtube.com/watch?v=5rTG5f_yogU","3 days ago","0","UgxJwWVo77xIv1iZxxh4AaABAg","eufy Robot Vacuum Omni C20, Robot Vacuum and Mop Combo Review","reply","5rTG5f_yogU","0"
"@kenanxo7384","false","Ugyt8BzqcH-qaRzFXkF4AaABAg.AG3qCIH2wkFAG58U0qKKuw","I love watching his reviews","54","false","https://www.youtube.com/watch?v=cC7bWwgA400","4 days ago","0","Ugyt8BzqcH-qaRzFXkF4AaABAg","eufy Robot Vacuum Omni C20","reply","cC7bWwgA400","0"
"@kenoxfps8598","false","Ugyt8BzqcH-qaRzFXkF4AaABAg.AG3qCIH2wkFAG58Wah1Aym","I feel so relaxed watching his videos","54","false","https://www.youtube.com/watch?v=cC7bWwgA400","4 days ago","0","Ugyt8BzqcH-qaRzFXkF4AaABAg","eufy Robot Vacuum Omni C20","reply","cC7bWwgA400","0"
"@ByValentineLewis","true","UgzZ2bjH4gGtE9lzdrx4AaABAg.AG5t0bAVw8NAG5zVR5XdYc","You're welcome! 💖","56","false","https://www.youtube.com/watch?v=5rTG5f_yogU","4 days ago","0","UgzZ2bjH4gGtE9lzdrx4AaABAg","eufy Robot Vacuum Omni C20, Robot Vacuum and Mop Combo Review","reply","5rTG5f_yogU","1"
"@dalilaalibegic5047","false","UgxgsLroQDgiL_1_aQx4AaABAg.AG3pziFuvJnAG58gvaLfgY","I cannot wait to get it","54","false","https://www.youtube.com/watch?v=cC7bWwgA400","4 days ago","0","UgxgsLroQDgiL_1_aQx4AaABAg","eufy Robot Vacuum Omni C20","reply","cC7bWwgA400","0"
"@RandomJoe-bi8op","false","UgxgsLroQDgiL_1_aQx4AaABAg.AG3pziFuvJnAG58iSqaaf0","Watson killed it again with the review","54","false","https://www.youtube.com/watch?v=cC7bWwgA400","4 days ago","0","UgxgsLroQDgiL_1_aQx4AaABAg","eufy Robot Vacuum Omni C20","reply","cC7bWwgA400","0"
"@ByValentineLewis","true","Ugz_bJWHcntO3sNB4eh4AaABAg.AG74TrYxgsvAG8M1JsuX6m","Thank you so much! I try my best! 💜","56","false","https://www.youtube.com/watch?v=5rTG5f_yogU","3 days ago","0","Ugz_bJWHcntO3sNB4eh4AaABAg","eufy Robot Vacuum Omni C20, Robot Vacuum and Mop Combo Review","reply","5rTG5f_yogU","0"
"@TRIGO_ALLINE","false","Ugzkg3ACAZNLk8BoE6h4AaABAg.AG3qgiEQJGYAG58wsKZPb5","sure is","54","false","https://www.youtube.com/watch?v=cC7bWwgA400","4 days ago","0","Ugzkg3ACAZNLk8BoE6h4AaABAg","eufy Robot Vacuum Omni C20","reply","cC7bWwgA400","0"
"@darrellrussell7259","false","Ugzkg3ACAZNLk8BoE6h4AaABAg.AG3qgiEQJGYAG58ytrB0rM","Its fantastic","54","false","https://www.youtube.com/watch?v=cC7bWwgA400","4 days ago","0","Ugzkg3ACAZNLk8BoE6h4AaABAg","eufy Robot Vacuum Omni C20","reply","cC7bWwgA400","0"
"@ByValentineLewis","true","UgzRutCfmqfsjOeFD0F4AaABAg.AG7sW0YKkfjAG8Ltf0NXU7","Thank you so much for watching and sharing your opinion! 💋💜","56","false","https://www.youtube.com/watch?v=5rTG5f_yogU","3 days ago","0","UgzRutCfmqfsjOeFD0F4AaABAg","eufy Robot Vacuum Omni C20, Robot Vacuum and Mop Combo Review","reply","5rTG5f_yogU","0"
"@ThomasStout861","false","UgwdrLT81Ui3kPzn7BV4AaABAg","It operates quietly, which is great for homes with kids or pets.","54","false","https://www.youtube.com/watch?v=cC7bWwgA400","5 days ago","0",,"eufy Robot Vacuum Omni C20","comment","cC7bWwgA400","0"
"@GarfieldTatte","false","UgxtN1E8VTGE595xYkB4AaABAg","You convinced me to buy this a Eufy A+ presentation!","54","false","https://www.youtube.com/watch?v=cC7bWwgA400","5 days ago","0",,"eufy Robot Vacuum Omni C20","comment","cC7bWwgA400","0"
"@SaritaOjha72","false","UgxpaR8Mey46ZypDAd94AaABAg","I have rugs in my home so I don't use the mopping feature, I only use the vacuum feature.","54","false","https://www.youtube.com/watch?v=cC7bWwgA400","5 days ago","0",,"eufy Robot Vacuum Omni C20","comment","cC7bWwgA400","0"
"@Dave995","false","Ugx6woFoZ-04orxiHOd4AaABAg","I definitely want to get this EUFY for my own home. Thanks for the video, Watson!","54","false","https://www.youtube.com/watch?v=cC7bWwgA400","5 days ago","0",,"eufy Robot Vacuum Omni C20","comment","cC7bWwgA400","0"
"@kareehabeeb831","false","UgznAyVwj68wRyc2XoR4AaABAg","It goes into tight area's like underneath tables and the bird cages and picks up feathers and food the birds throw out.","54","false","https://www.youtube.com/watch?v=cC7bWwgA400","5 days ago","0",,"eufy Robot Vacuum Omni C20","comment","cC7bWwgA400","0"
"@ChristineCewa","false","Ugyu5dFtH1O1cRxnnyp4AaABAg","This brand  looks impressive. I'm surprised I hadn't heard of them before!","54","false","https://www.youtube.com/watch?v=cC7bWwgA400","5 days ago","0",,"eufy Robot Vacuum Omni C20","comment","cC7bWwgA400","0"
"@VeronicaSnider262","false","UgwGK-CcCDaBbgG7xuF4AaABAg","I have it run for about an hour a day and that cuts down on what I have to do. It's pretty quiet so it doesn't bother the animals.","54","false","https://www.youtube.com/watch?v=cC7bWwgA400","5 days ago","0",,"eufy Robot Vacuum Omni C20","comment","cC7bWwgA400","0"
"@erhartrobley1061","false","Ugyma3fmgMfnm37Ip8Z4AaABAg","I had the hubs set this up for me which only took a couple minutes.","54","false","https://www.youtube.com/watch?v=cC7bWwgA400","5 days ago","0",,"eufy Robot Vacuum Omni C20","comment","cC7bWwgA400","0"
"@MamudafaltyAsa","false","UgxAeBqzQnQIjEQ_NgF4AaABAg","Mapping is a pain in the butt for the first use.","54","false","https://www.youtube.com/watch?v=cC7bWwgA400","5 days ago","0",,"eufy Robot Vacuum Omni C20","comment","cC7bWwgA400","0"
"@Bantadasa","false","UgyRhfniiNT0RLI_WJZ4AaABAg","What is Eufy's top robot?  I would like to know what their best model is!","54","false","https://www.youtube.com/watch?v=cC7bWwgA400","5 days ago","0",,"eufy Robot Vacuum Omni C20","comment","cC7bWwgA400","0"
"@NasatyaMisra","false","UgyFastM0mzEw6A2gcF4AaABAg","What's the customer service like for this company?  What if it sucks in a bad way","54","false","https://www.youtube.com/watch?v=cC7bWwgA400","5 days ago","0",,"eufy Robot Vacuum Omni C20","comment","cC7bWwgA400","0"
"@SaraWeston376","false","Ugww6OdyedNY3GCD_CZ4AaABAg","Three stories onyour house?  I need to build a ramp.  Will this handle angles?  lol","54","false","https://www.youtube.com/watch?v=cC7bWwgA400","5 days ago","0",,"eufy Robot Vacuum Omni C20","comment","cC7bWwgA400","0"
"@ArjunaBandyopadhyay","false","Ugwwwz6k9oGLUR4CZ9h4AaABAg","Will this robot vacuum go on sale on Amazon during the next Prime Day?","54","false","https://www.youtube.com/watch?v=cC7bWwgA400","5 days ago","0",,"eufy Robot Vacuum Omni C20","comment","cC7bWwgA400","0"
"@giovannelaskowski4526","false","UgyUy_i-2Q97XwUCw7B4AaABAg","Is this better than the Deebot 8?","54","false","https://www.youtube.com/watch?v=cC7bWwgA400","5 days ago","0",,"eufy Robot Vacuum Omni C20","comment","cC7bWwgA400","0"
"@tamarramacnamee7413","false","UgxDyga7td4Al04rg5l4AaABAg","Clicked like thanks","54","false","https://www.youtube.com/watch?v=cC7bWwgA400","5 days ago","0",,"eufy Robot Vacuum Omni C20","comment","cC7bWwgA400","0"
"@EmmaWatson346","false","Ugy6UTe244UKAC2k15N4AaABAg","I need something that offers effortless cleaning.","54","false","https://www.youtube.com/watch?v=cC7bWwgA400","5 days ago","0",,"eufy Robot Vacuum Omni C20","comment","cC7bWwgA400","0"
"@PeeyushPanikkar","false","UgzT_IgPcxd5j8Meh7p4AaABAg","What is the run time on one charge?","54","false","https://www.youtube.com/watch?v=cC7bWwgA400","5 days ago","0",,"eufy Robot Vacuum Omni C20","comment","cC7bWwgA400","0"
"@violealejandrez5039","false","UgypBYDABvZfdPsOkh14AaABAg","Where can I get replacement mop heads?","54","false","https://www.youtube.com/watch?v=cC7bWwgA400","5 days ago","0",,"eufy Robot Vacuum Omni C20","comment","cC7bWwgA400","0"
"@NickRutherford229","false","Ugz9GZBzbibx6o590n94AaABAg","How can I know if this robot vacuum will still be effective after a year?","54","false","https://www.youtube.com/watch?v=cC7bWwgA400","5 days ago","0",,"eufy Robot Vacuum Omni C20","comment","cC7bWwgA400","0"
"@RobertaMcGowan513","false","Ugwz18ap7ts_-lF5Kvl4AaABAg","This vacuum seems like a fantastic gift idea for someone... Hint hint!","54","false","https://www.youtube.com/watch?v=cC7bWwgA400","5 days ago","0",,"eufy Robot Vacuum Omni C20","comment","cC7bWwgA400","0"
"@ByValentineLewis","true","UgybEeQ7ghVX3C6-vut4AaABAg.AG5p-B3rLWkAG5ziJxpKRe","Thank you so much!💜","56","false","https://www.youtube.com/watch?v=5rTG5f_yogU","4 days ago","0","UgybEeQ7ghVX3C6-vut4AaABAg","eufy Robot Vacuum Omni C20, Robot Vacuum and Mop Combo Review","reply","5rTG5f_yogU","0"
"@ByValentineLewis","true","UgzVFCi0TlXbykw5XG54AaABAg.AG7tGr0NyvtAG8LqS_swNu","😊💜🐙","56","false","https://www.youtube.com/watch?v=5rTG5f_yogU","3 days ago","0","UgzVFCi0TlXbykw5XG54AaABAg","eufy Robot Vacuum Omni C20, Robot Vacuum and Mop Combo Review","reply","5rTG5f_yogU","0"
"@SheriStewart83","false","Ugwbep4iit--2VZjbIl4AaABAg","Do I have to upgrade the firmware?","54","false","https://www.youtube.com/watch?v=cC7bWwgA400","5 days ago","0",,"eufy Robot Vacuum Omni C20","comment","cC7bWwgA400","0"
"@IsmailmitiuAbidemi","false","UgxFsJZfwdsj0m0lfal4AaABAg","Are you giving away your demo  vacuum to your subscribers?","54","false","https://www.youtube.com/watch?v=cC7bWwgA400","5 days ago","0",,"eufy Robot Vacuum Omni C20","comment","cC7bWwgA400","0"
"@Jessicaslife43","false","UgwSQKFDg3vUM0J1K794AaABAg","7000PA?   I didn't know it was pronounced Pascals until I watched this.  Not bad.","54","false","https://www.youtube.com/watch?v=cC7bWwgA400","5 days ago","0",,"eufy Robot Vacuum Omni C20","comment","cC7bWwgA400","0"
"@onidamensing3398","false","Ugx-flvaWuUWaeC17Bl4AaABAg","How old are you watson?  How is Kelly and the kids?","54","false","https://www.youtube.com/watch?v=cC7bWwgA400","5 days ago","0",,"eufy Robot Vacuum Omni C20","comment","cC7bWwgA400","0"
"@ByValentineLewis","true","UgzrEcqW-ekQjpCAS1h4AaABAg.AG76iwkojxJAG8LzASVLoP","Thank you so much!💜","56","false","https://www.youtube.com/watch?v=5rTG5f_yogU","3 days ago","0","UgzrEcqW-ekQjpCAS1h4AaABAg","eufy Robot Vacuum Omni C20, Robot Vacuum and Mop Combo Review","reply","5rTG5f_yogU","0"
"@ByValentineLewis","true","UgxNybyfKgTnSx-lMeF4AaABAg.AG7tKFPKinwAG8LprBe-NZ","Thanks for watching! 😊💜🐙","56","false","https://www.youtube.com/watch?v=5rTG5f_yogU","3 days ago","0","UgxNybyfKgTnSx-lMeF4AaABAg","eufy Robot Vacuum Omni C20, Robot Vacuum and Mop Combo Review","reply","5rTG5f_yogU","0"
"@ByValentineLewis","true","UgxObyVmo5F2vLtJgh14AaABAg.AG76it5WZgPAG8M-5MR3Uq","Thank you so much!💜","56","false","https://www.youtube.com/watch?v=5rTG5f_yogU","3 days ago","0","UgxObyVmo5F2vLtJgh14AaABAg","eufy Robot Vacuum Omni C20, Robot Vacuum and Mop Combo Review","reply","5rTG5f_yogU","0"
"@ByValentineLewis","true","Ugzv4a7vKFWH54q5OL94AaABAg.AG73rmQZt-iAG8M2Zyuix_","Thanks for watching!","56","false","https://www.youtube.com/watch?v=5rTG5f_yogU","3 days ago","0","Ugzv4a7vKFWH54q5OL94AaABAg","eufy Robot Vacuum Omni C20, Robot Vacuum and Mop Combo Review","reply","5rTG5f_yogU","0"
"@ByValentineLewis","true","UgxXnewsWL8zm7MxhRZ4AaABAg.AG7t-C-qj80AG8Lr0zZj-v","😊💜🐙","56","false","https://www.youtube.com/watch?v=5rTG5f_yogU","3 days ago","0","UgxXnewsWL8zm7MxhRZ4AaABAg","eufy Robot Vacuum Omni C20, Robot Vacuum and Mop Combo Review","reply","5rTG5f_yogU","0"
"@ByValentineLewis","true","UgyQ53Y6lzOLy_gKuUZ4AaABAg.AG7tm-5HoSdAG8LpWbGsaB","😊💜🐙","56","false","https://www.youtube.com/watch?v=5rTG5f_yogU","3 days ago","0","UgyQ53Y6lzOLy_gKuUZ4AaABAg","eufy Robot Vacuum Omni C20, Robot Vacuum and Mop Combo Review","reply","5rTG5f_yogU","0"
"@ByValentineLewis","true","Ugx-6tUZ8-wgcYui7aF4AaABAg.AG76jd_xpC3AG8LyR0oHkl","It is!","56","false","https://www.youtube.com/watch?v=5rTG5f_yogU","3 days ago","0","Ugx-6tUZ8-wgcYui7aF4AaABAg","eufy Robot Vacuum Omni C20, Robot Vacuum and Mop Combo Review","reply","5rTG5f_yogU","0"
"@ByValentineLewis","true","UgxJhRSLM2UJ9asGGLR4AaABAg.AG74TtDDsEeAG8M0K3SA6S","Yes! Absolutely! 💜","56","false","https://www.youtube.com/watch?v=5rTG5f_yogU","3 days ago","0","UgxJhRSLM2UJ9asGGLR4AaABAg","eufy Robot Vacuum Omni C20, Robot Vacuum and Mop Combo Review","reply","5rTG5f_yogU","0"
"@klaraprice2355","false","UgyuO_c51rNZbb2YiO14AaABAg","Yessss! This is Nice!","56","true","https://www.youtube.com/watch?v=5rTG5f_yogU","4 days ago","1",,"eufy Robot Vacuum Omni C20, Robot Vacuum and Mop Combo Review","comment","5rTG5f_yogU","1"
"@RhiannaHunter-ll2ny","false","UgwAPq0Oa3meqj2kEoh4AaABAg","😍😘💕💕💕💕💕","56","true","https://www.youtube.com/watch?v=5rTG5f_yogU","4 days ago","1",,"eufy Robot Vacuum Omni C20, Robot Vacuum and Mop Combo Review","comment","5rTG5f_yogU","1"
"@jackglossop4859","false","Ugx9IBVV7MenJjuDkBJ4AaABAg","263 likes. You sure this is making you $50,000 a month love? Hahahahah 😂","56","false","https://www.youtube.com/watch?v=5rTG5f_yogU","3 days ago","1",,"eufy Robot Vacuum Omni C20, Robot Vacuum and Mop Combo Review","comment","5rTG5f_yogU","0"
"@rosiedixon6112","false","Ugz5pmDlAhDXbXLDkW54AaABAg","D O P E 🚣 🕳 🌹 🦂 🛌 👬","56","true","https://www.youtube.com/watch?v=5rTG5f_yogU","4 days ago","1",,"eufy Robot Vacuum Omni C20, Robot Vacuum and Mop Combo Review","comment","5rTG5f_yogU","1"
"@ByValentineLewis","true","UgyuO_c51rNZbb2YiO14AaABAg.AG5p82KiRZ4AG5zhkcHpDJ","Thank you so much!💜","56","false","https://www.youtube.com/watch?v=5rTG5f_yogU","4 days ago","0","UgyuO_c51rNZbb2YiO14AaABAg","eufy Robot Vacuum Omni C20, Robot Vacuum and Mop Combo Review","reply","5rTG5f_yogU","0"
"@ByValentineLewis","true","UgwAPq0Oa3meqj2kEoh4AaABAg.AG5q4OA8fd-AG5zXxKKoiw","😊💜🐙","56","false","https://www.youtube.com/watch?v=5rTG5f_yogU","4 days ago","0","UgwAPq0Oa3meqj2kEoh4AaABAg","eufy Robot Vacuum Omni C20, Robot Vacuum and Mop Combo Review","reply","5rTG5f_yogU","0"
"@ByValentineLewis","true","Ugx9IBVV7MenJjuDkBJ4AaABAg.AG8O2U5vEj_AG8SHRO5rNL","Dear Karen, learn how youtube works, unfortunately for you, yes, I'm sure 😂","56","false","https://www.youtube.com/watch?v=5rTG5f_yogU","3 days ago","0","Ugx9IBVV7MenJjuDkBJ4AaABAg","eufy Robot Vacuum Omni C20, Robot Vacuum and Mop Combo Review","reply","5rTG5f_yogU","3"
"@ByValentineLewis","true","Ugz5pmDlAhDXbXLDkW54AaABAg.AG5orAHi61TAG5zj2eAJg4","😊💜🐙","56","false","https://www.youtube.com/watch?v=5rTG5f_yogU","4 days ago","0","Ugz5pmDlAhDXbXLDkW54AaABAg","eufy Robot Vacuum Omni C20, Robot Vacuum and Mop Combo Review","reply","5rTG5f_yogU","0"
